-16.875,62.87890255,3.0817294,0.04556855,-1.0039026,83.85430074
-16.875,42.77294207,2.7018373,0.04488969,7.852058,70.7234055
-50.625,53.173455,3.632848,0.0393129,-2.548455,76.34676854
-61.875,65.51687551,4.6914554,0.02740326,-3.6418755,77.65237969
-163.125,37.38761425,2.3058631,0.042399682,1.9873857,77.59234916
-151.875,45.65193653,4.317872,0.037384782,-6.2769365,81.03177288
-140.625,65.69099021,5.20621,0.01880279,-3.8159902,99.13892539
-106.875,46.49871969,4.044648,0.032626413,4.1262803,75.09685758
-118.125,40.88060474,2.5910945,0.049812138,9.744395,71.9675791
-16.875,67.36550999,3.9624836,0.040041387,-5.49051,71.7995701
-5.625,64.66005707,4.822659,0.029853104,8.464943,62.39289697
-73.125,46.15130377,3.5134056,0.037780795,-6.776304,74.78932149
-16.875,58.97527909,3.8957639,0.03694645,2.899721,72.05926072
-5.625,49.83126038,2.1069076,0.047633685,0.7937396,67.80232483
-129.375,43.49877119,3.4982069,0.04131593,-4.123771,72.34168222
-140.625,58.87050343,3.11853,0.04337429,-8.245503,98.88836673
39.375,57.16566944,4.283248,0.034730375,4.7093306,75.31625009
-174.375,66.28383541,3.9501278,0.040225863,6.8411646,62.6798742
-95.625,48.17269611,2.7618265,0.043378793,2.452304,80.82171724
-118.125,44.46034575,3.2197883,0.038382754,6.1646543,87.34674039
140.625,60.10511506,4.5444684,0.03222502,1.769885,98.63467301
-118.125,62.56242383,4.391727,0.030486224,-0.6874238,91.93280944
129.375,40.72732258,3.154344,0.042199235,9.897677,71.39300309
-16.875,44.55498123,3.141793,0.043199647,6.070019,67.10047509
-50.625,51.30603898,4.125797,0.0323168,-0.681039,91.80691539
140.625,57.23188591,2.812902,0.04063282,4.643114,85.37869651
-39.375,48.31494308,3.5916243,0.03929252,2.310057,79.30919917
140.625,49.93468916,4.1340303,0.030268705,0.69031084,79.58397085
140.625,47.60434914,3.5550416,0.03542077,3.0206509,83.27804451
-61.875,67.33395672,4.410053,0.029134369,-5.4589567,82.56961046
-39.375,76.92636323,5.207413,0.025407163,-3.8013632,90.90171725
-84.375,51.88283491,3.562772,0.03232916,-1.2578349,76.03549633
-28.125,64.00683475,3.8730915,0.034818575,-2.1318347,81.3180466
-106.875,47.69339466,2.97745,0.042499017,2.9316053,77.74408864
-95.625,69.27994394,5.8197904,0.014987479,-7.404944,85.58540536
95.625,54.80271816,4.3310413,0.029225644,7.072282,86.42396817
129.375,58.76774025,4.483107,0.034144346,-8.14274,73.50640023
151.875,45.5286665,2.7185793,0.04551061,5.0963335,85.43265501
174.375,47.60869098,3.279345,0.04048627,3.016309,83.57634619
-106.875,55.16695499,4.4264216,0.031041536,6.708045,73.98699283
-140.625,50.9807578,3.999262,0.035172157,-0.3557578,76.64722173
-106.875,53.04480243,4.0798807,0.032326657,-2.4198024,69.16682588
174.375,55.23843527,3.5134895,0.0412439,6.6365647,65.96130881
174.375,54.76955891,3.7377422,0.03667654,-4.144559,84.01439355
-16.875,44.9647851,3.8499863,0.03267217,5.660215,77.51425278
84.375,48.33959293,3.9869545,0.033106834,2.285407,92.01889714
140.625,58.89687061,3.8512938,0.03441294,-8.271871,68.04124485
163.125,44.69759989,3.5877523,0.036971897,5.9274,81.41398343
-5.625,74.11036658,4.77459,0.028690813,-0.9853666,64.14900008
-163.125,61.87547132,4.0804563,0.03386938,-0.000471316,84.55959974
5.625,51.88040197,2.6880014,0.047218103,-1.255402,58.98318458
-5.625,76.30174923,3.9284525,0.038127933,8.073251,73.60989125
163.125,43.59052277,2.658447,0.049301863,7.034477,70.94481291
-61.875,53.74389696,4.0803003,0.032086942,-3.118897,83.49727992
-61.875,36.0189569,2.7988331,0.04376933,3.356043,73.73156424
-39.375,64.94928837,3.2881186,0.039581567,8.175712,72.00416842
-28.125,47.10538149,2.7420657,0.04257811,3.5196185,74.86446723
-129.375,44.00572634,3.7081227,0.03851889,-4.6307263,89.91306103
174.375,51.10944527,3.6599715,0.036079463,-0.48444527,71.93537475
5.625,69.05221605,4.8964434,0.02988571,4.072784,71.24218568
-163.125,53.10482645,2.853432,0.04196083,-2.4798265,62.34507199
129.375,43.20780945,3.642226,0.037198633,7.4171906,58.07084889
-106.875,54.76163769,4.4368525,0.028761014,-4.1366377,84.08341261
-163.125,44.67827034,3.884,0.029412169,-5.3032703,78.23839626
-28.125,46.31551313,4.1375494,0.03363711,4.309487,72.40516883
-16.875,52.77809715,3.400775,0.042882573,9.096903,79.66824855
39.375,44.51073551,2.8978727,0.042834308,6.1142645,76.11063524
39.375,54.22616625,3.6673193,0.037300732,7.6488338,79.80013268
39.375,61.51724631,3.6537619,0.03851682,0.3577537,81.95789189
-151.875,77.81302261,3.1556323,0.04112358,6.5619774,67.1345509
-95.625,67.18022299,4.3924723,0.02966465,-5.305223,80.50452326
-174.375,46.29903507,2.627711,0.049018823,4.325965,74.85064293
-106.875,45.39583683,3.1981707,0.04324743,5.229163,77.85619937
-5.625,46.14991808,3.684766,0.035309438,4.475082,76.22402321
174.375,34.08519173,3.6570988,0.031929806,5.2898083,73.12087703
-163.125,38.82123011,2.3676026,0.047956273,0.5537699,84.23478326
28.125,58.44298029,3.6569524,0.040353563,3.4320197,84.51480736
5.625,43.44960451,2.3928542,0.044258084,7.1753955,78.00332164
-140.625,39.77707532,3.0052965,0.041879117,-0.40207532,103.2887434
-95.625,60.66539931,4.422768,0.033490874,1.2096007,64.5453423
5.625,70.25861907,4.9356093,0.028921703,2.866381,81.63951628
-16.875,55.96325111,3.8376741,0.033984773,5.911749,77.79579317
-16.875,55.39184666,2.2179132,0.056751005,6.4831533,93.96416917
163.125,38.8471213,2.729442,0.043636966,0.5278787,82.12593503
174.375,33.81848383,1.4822302,0.053620365,5.556516,83.51031192
-50.625,48.33261681,3.0953174,0.044129018,-8.957617,78.54582308
174.375,43.85701704,2.8928647,0.043502755,-4.482017,93.86364244
174.375,49.362221,3.5072014,0.040443618,1.262779,71.91378453
-140.625,79.56503963,4.816198,0.02089782,-6.4400396,68.24539238
-118.125,60.99356413,3.9392262,0.0327736,0.8814359,54.18145231
151.875,39.60925668,3.7274942,0.03759628,-0.23425668,71.97447759
61.875,65.70301151,5.78219,0.020529734,7.4219885,79.25032977
-73.125,58.48815632,4.198456,0.034900524,-7.8631563,86.64878385
28.125,35.57906604,2.7511897,0.041018568,3.795934,66.88872556
-140.625,48.91067219,4.360936,0.032173872,-9.535672,76.50352138
39.375,27.14494789,3.0877666,0.041044302,0.9800521,70.26365863
-151.875,76.76182294,5.4822087,0.017890543,-3.636823,77.1706123
140.625,48.03106308,3.134022,0.036047235,-8.656063,75.66991046
39.375,44.28132582,3.4442804,0.042589184,6.343674,69.9055928
-95.625,61.47135809,4.111988,0.034333788,0.4036419,76.2022554
28.125,65.30163813,3.3617213,0.039923254,7.823362,83.24818976
84.375,56.18704414,4.2511,0.0332971,-5.562044,83.50460872
-151.875,53.55897808,4.4211626,0.0318601,8.316022,69.23709486
118.125,48.73098803,3.232764,0.04089469,1.894012,87.48020912
-16.875,43.57456923,1.8520422,0.052257642,7.050431,86.19305997
-174.375,55.99118614,2.9734852,0.039901875,-5.366186,84.9331701
-151.875,80.54242849,5.194118,0.028483167,-7.4174285,68.75886551
16.875,50.14430219,4.054244,0.03249256,0.4806978,67.54502478
-61.875,79.73340034,4.3379035,0.02997124,-6.6084003,64.86757013
-28.125,49.26734889,3.2471292,0.04061406,1.3576511,77.08398501
-5.625,39.99870181,3.3856232,0.042183664,-0.6237018,79.70479007
16.875,35.90564871,2.6797497,0.048150692,3.4693513,69.86372374
-95.625,54.69858074,4.0717435,0.031065157,-4.0735807,70.72181406
163.125,45.64564562,3.8777149,0.033454392,-6.2706456,96.86374839
-95.625,57.34153795,4.061005,0.031123959,-6.716538,86.49338338
-50.625,66.54005671,4.382593,0.03380309,-4.6650567,77.98143089
-129.375,78.64812899,4.3681197,0.032717526,-5.523129,80.5250548
28.125,43.68603849,4.090733,0.034846283,6.9389615,70.49888352
-16.875,52.88892365,2.3622055,0.04856617,8.986076,76.81370076
174.375,68.79339361,5.286573,0.021963317,-6.9183936,95.61999144
151.875,48.83528554,2.8315032,0.047006987,1.7897145,73.79061806
-140.625,44.32144976,3.6060243,0.036685526,-4.9464498,92.86263724
-174.375,44.225317,2.0958664,0.053128626,6.399683,65.92424138
163.125,45.18493557,3.0682716,0.04324304,-5.8099356,76.24821574
-73.125,45.69235945,3.1712055,0.039628543,4.9326406,91.67727157
118.125,51.70681143,2.6776893,0.04773527,-1.0818114,86.01743531
-140.625,38.33888412,3.595582,0.040251456,1.0361159,83.26115345
-174.375,51.42145759,3.4432957,0.042559214,-0.7964576,86.30560099
151.875,69.82380366,3.7406957,0.040484358,3.3011963,79.96852416
-174.375,68.68829298,4.2168527,0.04052798,4.436707,66.3105159
-118.125,44.80467272,3.4737966,0.03850658,5.8203273,79.52034764
28.125,78.17248631,2.9233997,0.043507773,6.2025137,80.67085885
-84.375,66.82663631,4.831752,0.018795118,-4.9516363,79.94069114
16.875,49.00685787,3.4171674,0.035452902,-9.631858,80.87284121
-118.125,77.10330868,4.4515924,0.029057201,7.2716913,77.80714495
-174.375,52.99612284,3.61542,0.04146754,-2.3711228,80.60465383
129.375,46.02131891,4.2492065,0.03471979,4.603681,85.7854616
-151.875,39.4088315,3.277459,0.035492864,-0.033831496,79.62943259
-95.625,44.52568007,3.2967954,0.034993984,-5.15068,80.75741784
-5.625,43.34188175,3.3852072,0.039748378,7.2831182,76.11463773
-50.625,56.498878,3.3531291,0.033997785,-5.873878,101.6723109
174.375,47.69732285,3.496302,0.037471525,2.9276772,61.68311055
-16.875,42.37605143,3.8292553,0.028799668,-3.0010514,75.72684691
-129.375,47.06646585,3.7822223,0.032651603,-7.691466,72.88267418
-118.125,44.65303469,4.8364244,0.02737716,5.9719653,89.10477644
-118.125,88.87709284,3.2653775,0.03999116,-4.502093,71.60838628
73.125,39.95690149,3.833906,0.033333443,-0.5819015,85.53971822
-39.375,44.09069252,2.0924845,0.049768545,6.5343075,98.97122375
-61.875,47.9082129,3.464073,0.03788085,2.716787,74.90232014
-174.375,83.30819452,4.7482977,0.027499769,1.0668055,71.12331307
-95.625,57.86753845,4.2799144,0.030301262,-7.2425385,106.8690193
28.125,44.20914268,3.7839663,0.03694209,6.4158573,91.97284117
140.625,36.38873482,2.2547414,0.054192938,2.9862652,82.65239235
-151.875,48.22345972,4.181349,0.03480096,2.4015403,63.03594562
-84.375,59.98043823,3.8391988,0.03565668,-9.355438,64.51313796
-151.875,48.10865808,4.5157223,0.029843258,2.516342,68.5283876
-28.125,45.60705042,4.4695272,0.03175069,5.0179496,66.35740515
84.375,70.75913525,4.7814126,0.030554233,-8.884135,83.61379612
-140.625,54.29103374,4.9750504,0.026401969,7.5839663,66.66972238
-95.625,68.75801277,4.4564266,0.030479299,-6.883013,87.01052433
-61.875,49.85033828,3.378798,0.031361133,0.7746617,90.33090468
174.375,46.60677576,3.5498664,0.03288805,-7.2317758,81.30251475
84.375,53.62629795,2.6578078,0.04994164,8.248702,94.20067813
61.875,84.65403566,4.7455783,0.023628242,-0.27903566,76.52505014
-16.875,81.40397334,3.6862752,0.030258585,2.9710267,73.90626682
-16.875,53.599406,3.471837,0.03882587,-2.974406,85.43192418
-16.875,45.29493666,3.2894833,0.045567144,5.3300633,93.98164762
129.375,54.89226246,4.790831,0.025586594,6.9827375,75.76719967
-61.875,47.62220979,3.1254709,0.04233591,3.0027902,78.59796474
-5.625,76.05742359,3.4996922,0.04016385,8.317576,74.09566797
174.375,37.67240882,2.285696,0.0494535,1.7025912,87.47898651
-174.375,67.52043915,5.3887234,0.02116114,5.604561,82.87016611
-84.375,57.08898449,3.6532218,0.036755968,-6.4639845,62.62585424
174.375,52.13449013,4.291476,0.028601566,-1.5094901,89.71491041
-118.125,42.83038568,3.072515,0.04064866,7.7946143,78.38413201
-16.875,36.32447696,2.1869545,0.045334313,3.050523,68.18413241
-50.625,39.08362266,2.9737108,0.03977705,0.29137734,71.2879821
16.875,55.12527037,4.7355576,0.03001762,6.7497296,65.79612752
-174.375,9.981099606,2.3926704,0.049129367,6.8939004,82.39582313
-5.625,35.49608016,2.0050628,0.04966813,3.8789198,101.6270745
-140.625,56.94770002,3.5863023,0.037934486,4.9273,84.87288685
163.125,52.5741142,3.1663387,0.040801495,-1.9491142,92.95512483
-84.375,65.0941906,5.3538837,0.025623593,-3.2191906,79.65508678
-84.375,64.77453637,4.0364075,0.029386787,-2.8995364,90.9197148
-16.875,45.68424129,3.7286396,0.031813394,4.9407587,75.53680373
129.375,58.09424734,3.2393136,0.040288486,3.7807527,88.18117777
-16.875,41.26502955,3.290292,0.039592043,-1.8900295,84.56844483
-174.375,36.03185296,2.2451386,0.050096624,3.343147,79.12306286
5.625,57.47318125,4.0564084,0.034076285,4.4018188,76.3817596
-84.375,48.1253686,2.3925054,0.044647586,2.4996314,73.17549805
28.125,47.08808017,4.472203,0.028033637,3.5369198,58.57355081
140.625,65.71342993,3.824778,0.036629602,-3.83843,93.1425862
174.375,52.09731436,3.2363145,0.040164087,-1.4723144,92.64600413
-5.625,52.38935173,3.6191704,0.03505217,-1.7643517,90.65182795
140.625,77.52847052,4.348072,0.032633997,-4.4034705,83.5120946
16.875,55.02891779,4.1226583,0.03222019,6.846082,82.29306293
-95.625,53.65126681,4.1330605,0.02570046,-3.0262668,101.6704189
-174.375,45.77531052,3.937931,0.03654829,-6.4003105,80.74633244
140.625,88.19181633,4.348105,0.028571656,-3.8168163,77.96589904
-151.875,37.17544007,3.2049828,0.03843195,2.19956,71.12071077
16.875,48.83454347,3.542883,0.04329647,1.7904565,61.89375358
-84.375,70.44736385,4.864122,0.024371352,-8.572364,73.98583169
-16.875,34.56754065,3.1565228,0.034473486,4.8074594,79.0487504
-84.375,58.49065256,4.5590515,0.027782923,3.3843474,84.91295957
-73.125,81.57177258,5.128149,0.021906225,-8.446773,81.17491315
-28.125,55.5441227,3.0977223,0.046837743,6.3308773,93.21532772
-5.625,44.86861706,2.1227844,0.047082625,5.756383,87.74985815
-28.125,41.70129967,2.7626421,0.05145507,8.9237,79.43804386
174.375,66.88993216,4.250566,0.029504979,-5.014932,91.52137933
-95.625,53.44021893,5.2103553,0.02554707,-2.815219,56.05250067
174.375,45.20687056,2.6383104,0.04762832,5.4181294,81.63987145
140.625,49.25950277,3.1553416,0.043060392,1.3654972,78.59538293
174.375,43.67792177,3.6313286,0.033775643,-4.302922,91.73127104
140.625,54.19946909,4.317779,0.032995176,7.675531,84.85990266
-73.125,59.10540986,4.190187,0.025934111,2.7695901,67.50741776
-174.375,53.13005233,3.2163954,0.045257684,-2.5050523,76.7529394
-118.125,57.18075418,5.636781,0.022737002,4.694246,84.77365786
-118.125,66.5251708,5.0758076,0.02569281,-4.650171,91.67833025
-118.125,68.12280083,5.693326,0.01677541,5.002199,79.57348651
118.125,49.31710625,3.68256,0.03400782,-9.942106,79.89761314
-140.625,45.08089733,2.2810094,0.047057793,-5.7058973,79.44380171
-163.125,54.3053565,2.8986702,0.049546,7.5696435,63.13430035
-174.375,44.2767725,1.640595,0.05995519,6.3482275,86.20749899
-39.375,53.78644657,4.066218,0.034314588,8.088553,53.69398171
140.625,53.95096731,3.18858,0.04197905,7.9240327,88.70014237
39.375,43.61340809,3.400116,0.042844303,7.011592,74.42080546
-118.125,59.27434731,5.53737,0.021121375,2.6006527,85.78724428
174.375,52.63064718,2.6139402,0.05288501,-2.0056472,76.91137247
-95.625,51.04750669,4.1192007,0.027372856,-0.4225067,78.01461195
-95.625,50.05527067,3.8327036,0.026687453,0.5697293,72.42040698
-151.875,47.41204834,3.6100185,0.034273136,-8.037048,83.23026051
95.625,50.31292138,4.9229374,0.026475882,0.31207862,71.39174634
-5.625,75.68675804,4.0694647,0.03575376,8.688242,78.34696212
-16.875,62.28574616,3.3428347,0.039213225,-0.41074616,67.53392572
174.375,64.58476949,6.577839,0.011216104,-2.7097695,72.96107109
-84.375,58.39405346,4.548748,0.028046463,-7.7690535,90.90724287
174.375,57.16867208,3.1307588,0.04196169,-6.543672,80.00869933
-106.875,53.47395873,4.971977,0.022459589,-2.8489587,98.45465655
-118.125,37.6232686,3.1167135,0.03909673,1.7517314,78.24839566
39.375,81.83092523,3.9775758,0.03239993,2.5440748,74.56532543
16.875,50.23024982,2.9328578,0.047971416,0.39475018,74.15211265
73.125,34.32393122,2.8677487,0.045541298,5.051069,74.4913135
-73.125,58.84955478,5.338158,0.023075558,3.0254452,85.85333319
129.375,55.81961584,4.404411,0.025763104,-5.194616,85.36813021
50.625,56.62947226,5.173681,0.02901488,5.2455277,57.6265041
16.875,48.13439727,4.136409,0.031685937,2.4906027,56.57182044
-16.875,46.02339411,4.230171,0.029492185,-6.648394,77.96746315
-95.625,54.48561931,5.2283273,0.021606104,-3.8606193,88.32925627
-163.125,51.92311001,3.5783768,0.03994207,9.95189,79.38933778
-84.375,45.6806097,4.067358,0.03265662,-6.3056097,91.42605038
-106.875,48.01739597,3.9315896,0.030904822,2.607604,70.47722499
-28.125,54.55716968,3.658434,0.036580555,-3.9321697,77.80422163
-163.125,57.39508247,3.8579476,0.03523658,4.4799175,78.53746976
140.625,53.78604317,6.3017197,0.015981004,8.088957,67.05905682
-95.625,61.36805195,4.565479,0.027080515,0.50694805,60.66287836
118.125,44.92868614,4.133037,0.028056419,-5.553686,68.69094611
-129.375,46.4772377,2.9707353,0.04092282,4.1477623,56.84538659
163.125,46.67453623,3.4633415,0.03973365,3.9504638,80.28064332
174.375,56.41837978,3.64861,0.039655264,-5.79338,75.65658476
-140.625,36.21457481,3.5580997,0.035219528,-8.089575,85.85471972
-16.875,39.49655344,3.664572,0.030682735,-0.12155344,81.04130099
-95.625,51.51965153,4.873675,0.023637297,-0.89465153,72.4437389
39.375,36.88689876,2.5055823,0.046270613,2.4881012,83.00112132
-50.625,82.72151613,4.8429184,0.02953809,1.6534839,72.56376582
163.125,34.65663815,2.105557,0.045846142,4.718362,89.7714917
-73.125,50.50997374,2.8938189,0.044469893,0.11502626,75.44915874
-140.625,67.84056044,3.5987148,0.03916599,5.2844396,80.35046834
-84.375,44.88840485,2.7597356,0.042272206,5.736595,78.20149958
61.875,62.59126526,3.160152,0.042404156,-0.71626526,93.16750273
-16.875,47.06063628,3.9699006,0.03146185,3.5643637,76.75730389
118.125,59.5655365,3.8805668,0.032656588,-8.9405365,89.36272536
39.375,57.14685345,3.8837912,0.03854487,4.7281466,63.74375813
-28.125,42.83245707,4.1546817,0.03252037,7.792543,87.50292633
-106.875,46.46318626,3.4251394,0.034545697,4.1618137,75.11165177
-28.125,38.36959684,2.7731616,0.04421553,1.0054032,96.41594753
174.375,57.35416126,4.2618904,0.03186017,4.5208387,67.61918014
-16.875,48.44999242,3.971494,0.03120487,2.1750076,72.95848928
163.125,54.70640612,3.890157,0.036057547,7.168594,84.77881466
-95.625,55.31997156,4.6070127,0.028526926,-4.6949716,83.52497634
174.375,32.34832668,2.1693811,0.04790988,7.0266733,90.63701327
-16.875,53.42131758,3.506068,0.03944108,-2.7963176,82.49277766
-129.375,46.62761331,4.0622926,0.03701222,3.9973867,85.41012221
-28.125,60.59681046,4.8365483,0.027427224,1.2781895,70.05882809
-5.625,45.57399607,2.5911255,0.040543333,5.051004,83.01804653
140.625,43.32764864,3.2131915,0.038844716,7.2973514,72.65984609
5.625,68.16882515,4.4561663,0.034349408,-6.293825,89.8769225
-73.125,57.15537214,4.660283,0.023064557,-6.530372,102.1123185
-95.625,68.68933725,3.926534,0.03447637,4.4356627,87.19722755
-140.625,35.03464603,4.175456,0.03249924,4.340354,60.95158362
-140.625,56.04183483,5.342007,0.018697834,5.833165,82.82119365
-174.375,80.50294209,2.7885194,0.040972013,3.872058,60.64872621
174.375,41.40240407,2.6073132,0.04004794,-2.027404,87.80015567
-106.875,48.13721085,4.5162024,0.032153346,2.4877892,74.18704224
-151.875,38.55372858,3.3370383,0.038142238,0.8212714,89.04466395
-95.625,54.4635942,4.472337,0.030803392,-3.8385942,70.54603231
118.125,58.16408634,3.723306,0.036407627,3.7109137,80.00528424
-174.375,45.24517059,3.4393845,0.038657025,5.3798294,76.8107228
-16.875,34.5873332,2.6562564,0.044072047,4.787667,59.33573845
-106.875,57.27500868,3.5008028,0.03514022,4.5999913,80.33476573
-174.375,75.79071712,4.333096,0.026286958,-2.6657171,89.05520293
73.125,50.43592845,4.373669,0.029996853,0.18907155,75.9948772
118.125,35.70190239,2.3306475,0.049410306,3.6730976,76.46900161
-95.625,60.20984244,4.720937,0.027764166,1.6651576,65.3021136
-16.875,46.79185534,2.6036386,0.04799092,3.8331447,80.2279689
-84.375,53.80207229,4.135307,0.033603754,-3.1770723,81.31642101
-140.625,35.1618886,2.6092134,0.04583826,4.2131114,72.88004456
73.125,56.39752865,4.1000223,0.036515187,5.4774714,81.72078187
-163.125,46.54381895,4.073955,0.029683633,4.081181,68.7378012
-5.625,47.53246427,2.461425,0.04440244,3.0925357,63.5276646
-16.875,41.62819862,2.8161001,0.05007764,-2.2531986,88.24434336
-5.625,88.08513951,4.0814652,0.02973628,-3.7101395,68.22938924
-106.875,42.0447607,3.914371,0.036509097,8.580239,75.26191594
5.625,57.50039625,5.2636843,0.022127522,4.3746037,69.17606029
-39.375,42.14218712,2.8064241,0.046910398,8.482813,70.72574142
-28.125,40.25303388,3.6002815,0.03740693,-0.8780339,81.5667816
174.375,46.21946049,3.0004172,0.040985096,4.4055395,90.7617052
-95.625,46.83184028,3.944278,0.034267586,3.7931597,62.01854797
73.125,58.4376533,3.9614794,0.033174556,3.4373467,72.45868336
-16.875,47.39530325,3.276119,0.041914057,3.2296968,72.27091463
106.875,61.32733369,4.8313236,0.02409038,0.5476663,85.38478221
-84.375,44.84174013,3.3686786,0.033226546,5.78326,82.43364872
174.375,55.28758955,3.8730767,0.041073225,6.5874104,67.59583456
-106.875,38.93062881,3.554505,0.037004795,0.4443712,80.53510201
151.875,46.59155083,3.3267448,0.04208771,-7.216551,83.22957066
5.625,61.50582245,3.6469212,0.038937252,0.36917755,60.64949802
-106.875,64.1299262,4.632534,0.025256768,-2.2549262,77.90427024
-28.125,54.21902466,2.9864352,0.042023532,7.6559753,88.7326609
-50.625,50.44734177,4.253945,0.036395974,0.17765823,84.44964052
-95.625,56.13058472,4.4728417,0.031684104,-5.5055847,91.89356317
-16.875,38.86020935,3.3962064,0.037285943,0.51479065,70.43985019
-106.875,61.34037656,3.7675223,0.032080397,0.53462344,83.90079384
174.375,41.62446189,2.5765257,0.04007753,-2.249462,83.23390783
-28.125,55.87785625,2.9285073,0.03942364,-5.2528563,80.00607654
28.125,37.79380286,2.307886,0.048101358,1.5811971,79.32142521
28.125,58.31811023,5.496777,0.018982286,3.5568898,73.3789489
-95.625,66.32710409,4.7363763,0.027924327,-4.452104,85.38605946
-140.625,43.84801149,4.187774,0.028018871,6.7769885,69.85305498
174.375,49.95791751,2.7220192,0.04541626,0.6670825,75.56493045
-5.625,42.79803467,3.5126123,0.032155566,7.8269653,87.93214907
-106.875,51.02273822,3.7301748,0.03362407,-0.39773822,77.38587254
174.375,48.89951682,2.950273,0.04231049,1.7254832,78.94226775
151.875,46.0864172,2.7806857,0.040064123,-6.711417,104.9277156
-151.875,47.07293177,3.7941875,0.03303377,-7.697932,74.62590921
-151.875,46.56575155,3.870366,0.026261853,-7.1907516,89.31154676
174.375,62.88174272,4.034388,0.035913136,-1.0067427,76.5109458
-118.125,55.08817625,3.855102,0.032371555,6.7868237,58.22439154
129.375,67.07741594,4.7332754,0.03099105,-5.202416,97.42060006
84.375,57.20721054,3.7026768,0.04030856,4.6677895,77.63109682
-174.375,49.59761822,2.6390977,0.049848977,1.0273818,75.75794476
-140.625,45.53885984,3.4975226,0.03919729,5.08614,71.61428756
61.875,48.47194123,3.6900525,0.034501888,2.1530588,61.38799856
-95.625,45.69933701,3.6784418,0.0380923,4.925663,82.94266173
-39.375,59.09452152,3.8411634,0.036851212,-8.4695215,65.22168129
28.125,55.88715076,4.5587654,0.025520567,5.987849,66.77501657
140.625,45.69151402,4.093271,0.030462598,-6.316514,71.0992913
-151.875,50.01572943,4.3083987,0.023678904,0.6092706,77.86277684
174.375,53.45848465,4.157089,0.03553051,8.416515,72.95076434
-39.375,54.9643755,3.7356038,0.03836139,-4.3393755,84.61367434
-106.875,62.22279391,3.8380868,0.03651215,-0.3477939,75.7083371
129.375,55.47609282,3.9418342,0.035296742,-4.851093,93.89064901
174.375,34.14732075,3.012588,0.03778814,5.2276793,73.06123582
-106.875,47.73018432,3.0689898,0.037940793,2.8948157,90.61237677
-129.375,46.86920547,4.039238,0.037667025,3.7557945,73.9648152
-95.625,55.23040342,5.7067347,0.020041823,-4.6054034,56.01180299
-84.375,55.55504704,4.267164,0.030058425,-4.930047,85.4408444
-163.125,61.49863186,3.2736118,0.04413102,0.37636814,82.33645512
129.375,46.77153659,3.3324718,0.038076647,3.8534634,75.0432406
28.125,48.11901855,4.9564915,0.02497788,2.5059814,63.30939908
-95.625,45.51013136,3.2293203,0.034975167,-6.1351314,70.94848755
28.125,76.47718239,3.8501885,0.037524376,7.8978176,77.66657966
-95.625,57.54035044,4.0434647,0.027059395,-6.9153504,91.93999479
-140.625,45.1126895,3.616286,0.04077817,5.5123105,85.31389168
-106.875,61.85922791,5.1369066,0.020474017,0.015772093,73.25392911
-61.875,44.34992743,3.1500847,0.04226394,6.2750726,89.60655629
28.125,59.11799932,3.916215,0.031603303,2.7570007,86.97814923
-129.375,72.18728352,5.5160565,0.019882848,0.9377165,84.19430756
-95.625,59.70035315,4.7826324,0.024674362,2.1746469,84.53376113
-118.125,43.17076135,3.6011357,0.034390293,-3.7957613,70.56252722
-50.625,82.63242424,3.4827218,0.037665423,1.7425758,84.19193065
-174.375,65.87541151,4.138461,0.035344068,-4.0004115,76.90297817
-106.875,58.47260261,4.3477516,0.027985051,3.4023974,88.12213078
-174.375,34.27116299,2.783032,0.04133319,5.103837,79.71413377
16.875,67.62982798,4.644501,0.030863525,5.495172,80.73182512
28.125,43.26292515,2.7587354,0.04806947,7.362075,78.10580863
-174.375,54.72059774,3.5134957,0.035082374,-4.0955977,81.72169712
-73.125,78.59636736,5.487146,0.020082328,-5.4713674,89.26163173
-95.625,57.83377457,3.6498418,0.038344063,4.0412254,71.03651503
39.375,47.1712997,2.9767392,0.04230736,3.4537003,75.56171343
-61.875,52.45834744,4.484895,0.026990311,-1.8333474,84.79772062
-118.125,46.58497524,4.477753,0.033959426,4.0400248,78.75789362
-16.875,71.87239516,4.191059,0.0331051,1.2526048,87.44428232
-84.375,52.22143173,4.573334,0.024935042,-1.5964317,70.18015274
-39.375,53.83270764,3.684573,0.036189407,-3.2077076,77.3153645
-174.375,46.36615133,2.463425,0.046169467,4.2588487,76.92329115
151.875,58.02796268,3.7934115,0.03846808,3.8470373,81.28858799
-106.875,81.35721874,4.6758037,0.019250078,-8.232219,74.3220136
-95.625,58.63641739,3.4965925,0.0364345,-8.011417,77.9816153
174.375,44.20886707,3.693302,0.031157417,-4.833867,77.11517848
-16.875,36.50820327,2.9373639,0.041813534,2.8667967,75.83630069
-163.125,47.61748719,3.5107844,0.033472065,3.0075128,67.57196304
-95.625,49.95687646,4.4400787,0.032581255,0.66812354,78.4041308
-95.625,53.82954216,4.1873517,0.026803736,-3.2045422,70.80663818
16.875,69.28360844,5.061993,0.02651288,3.8413916,75.43648874
-5.625,59.79232597,3.1996305,0.04198976,2.082674,73.29984847
-106.875,45.1753149,3.4728518,0.03844557,5.449685,76.68254064
-61.875,36.00761318,2.4133441,0.048357774,3.3673868,68.31882374
-106.875,45.44106483,3.4019132,0.039098855,5.183935,67.97120126
-118.125,47.47916508,3.2724404,0.034337446,-8.104165,82.08787039
-16.875,42.73052955,3.3096828,0.039961148,-3.3555295,87.2173971
28.125,55.4078908,3.9107158,0.03901935,6.467109,71.79282188
-151.875,46.00216484,4.6344357,0.026600175,4.622835,66.2728474
-61.875,69.58620024,4.519136,0.029367538,-7.7112,100.0135789
174.375,48.07921886,3.3171782,0.03606059,2.5457811,61.48346412
-16.875,50.8998431,3.1599946,0.042642895,-0.2748431,81.09824428
-140.625,66.23491335,4.03788,0.037285622,6.8900867,76.00057357
-28.125,66.17948675,4.5238194,0.036300298,-4.3044868,78.37978801
163.125,40.95381987,4.3707056,0.033047713,-1.5788199,85.91563134
-174.375,36.35794473,2.9502132,0.03936299,3.0170553,77.78776087
28.125,57.9122088,4.146426,0.033082888,3.9627912,80.7042175
73.125,51.85794806,3.6285415,0.037948046,-1.2329481,82.23715783
174.375,45.04216337,2.532814,0.0447214,-5.6671634,83.4851017
-129.375,53.96508503,4.4361653,0.030452909,7.909915,69.24193747
-5.625,70.69367528,5.1210375,0.029253127,2.4313247,76.39703873
5.625,55.96581745,4.3241315,0.030590912,5.9091825,85.67905408
151.875,63.62250209,3.621519,0.042374924,-1.7475021,85.35429908
-84.375,67.95639896,5.3706365,0.022586802,-6.081399,90.89320683
151.875,47.26737118,3.2337415,0.041798055,3.3576288,91.99710201
5.625,43.45728254,3.491222,0.03844534,-4.0822825,88.45103854
39.375,58.24139977,3.1788714,0.04254964,3.6336002,74.48056279
28.125,56.93816423,5.6610317,0.023043286,4.936836,79.23107547
174.375,45.90721464,3.1178768,0.04046217,4.7177854,63.52171551
174.375,42.74543428,3.8296983,0.032581925,-3.3704343,93.68896718
-5.625,43.9868207,2.8643343,0.04523085,-4.6118207,76.82339963
174.375,43.4203043,2.5265079,0.043548163,7.2046957,75.07279483
-106.875,46.60567427,3.3439002,0.037426196,4.0193257,66.36638684
-28.125,56.21615267,4.2530513,0.03813124,5.6588473,75.19687887
-129.375,35.66091847,3.6091986,0.037842616,3.7140815,45.6698379
174.375,42.67722893,2.333074,0.05016864,7.947771,67.61472003
-118.125,43.10236216,3.0692718,0.039731607,7.522638,85.52264275
-129.375,39.01795655,2.4966528,0.05338103,0.35704345,61.33503044
-16.875,44.3815403,3.2758045,0.041301392,6.2434597,55.81124814
174.375,44.59891987,3.0015125,0.042283166,6.02608,65.34566971
-129.375,45.39351463,4.332851,0.0247713,-6.0185146,78.24205041
28.125,69.13130188,3.4604814,0.03697445,-7.256302,65.10702973
16.875,45.71571112,3.7547958,0.032656733,4.909289,72.56567144
174.375,53.45255852,3.4242837,0.04244999,8.4224415,68.23848705
-140.625,66.32961416,4.022918,0.03447057,6.795386,57.91373405
-174.375,44.66699982,2.5019276,0.050498363,5.958,78.94589458
16.875,50.19107908,3.3336964,0.03935137,0.43392092,72.501092
-39.375,67.74815702,4.3042374,0.03200327,5.376843,83.81012991
-118.125,53.09853244,3.7326512,0.038913224,-2.4735324,86.82214771
-28.125,79.79050446,3.3364396,0.039725676,4.5844955,82.96248294
-106.875,46.02549744,4.799155,0.025755579,4.5995026,69.93055031
-73.125,64.58609867,6.174352,0.020370437,8.538901,81.1939967
-118.125,44.56685972,3.9662747,0.035958122,6.0581403,78.60961021
-61.875,37.10563087,2.7916782,0.046099517,2.2693691,77.8559808
39.375,30.8301785,2.6089602,0.03916929,-2.7051785,101.541622
-84.375,56.83330107,4.02544,0.034151796,-6.208301,95.56441419
174.375,36.22959065,3.135579,0.04178862,3.1454093,90.77520848
-118.125,54.51214457,4.3921723,0.03174,-3.8871446,76.92236224
-39.375,49.8989194,3.4205363,0.041423474,0.7260806,70.35930177
129.375,57.14182949,5.4004602,0.024778241,4.7331705,79.9081248
28.125,54.92928123,4.2261705,0.030242078,-4.304281,78.50521077
174.375,49.17308891,2.6866157,0.046688404,1.4519111,72.56020729
174.375,49.13223803,2.879076,0.041642386,1.492762,69.74142237
-163.125,56.34648895,4.9759665,0.02713612,5.528511,70.77755524
-106.875,55.36862564,4.372919,0.034904268,-4.7436256,93.05154661
-61.875,54.40982461,4.351451,0.026718186,-3.7848246,68.84428385
-5.625,82.04641581,3.3207483,0.04062165,2.3285842,66.7112226
-95.625,52.41726184,5.0482545,0.02399556,-1.7922618,64.7357065
84.375,57.34309006,3.4860144,0.039811566,-6.71809,85.69539189
-129.375,58.62353778,3.91452,0.036531992,3.2514622,92.96187306
-118.125,45.23281097,3.0950418,0.040998906,5.392189,83.65735907
28.125,37.84172165,2.228634,0.042092443,1.5332783,67.35395024
-28.125,75.30912304,2.8055623,0.04820654,9.065877,88.35977356
5.625,54.29527926,3.110272,0.03911875,-3.6702793,77.11130577
140.625,36.66250181,2.3212972,0.045626286,2.7124982,84.73667922
-129.375,45.87669754,3.193411,0.038926933,-6.5016975,90.29857056
-28.125,55.18645763,3.3695364,0.040795833,-4.5614576,80.49903178
129.375,55.84508419,4.0346274,0.033043306,-5.220084,78.62801074
-28.125,32.97413158,1.8062613,0.05688339,6.4008684,70.37406181
-39.375,50.5398666,3.1541638,0.049018316,0.0851334,84.09128782
-84.375,66.69432068,5.3038993,0.017658558,-4.8193207,72.66222299
151.875,40.51952386,2.4927807,0.04780397,-1.1445239,69.81628124
5.625,45.27148533,3.495594,0.041989982,5.3535147,64.57409056
-129.375,60.97542506,4.5416384,0.030736119,0.89957494,77.73405509
-140.625,46.2828207,3.5419374,0.038107596,4.3421793,58.91228721
163.125,55.08284092,3.1042037,0.039046664,-4.457841,87.52202353
174.375,58.71581984,3.303097,0.042429827,3.1591802,75.54501362
50.625,59.02674294,4.861664,0.024065522,-8.401743,83.4000112
118.125,46.25156403,3.1152267,0.037142094,4.373436,85.68042695
-16.875,49.34069872,3.582931,0.034608416,1.2843013,73.12212695
-106.875,43.25181627,3.6266642,0.037731886,7.3731837,62.748743
-50.625,55.4139533,3.2727158,0.041148487,-4.7889533,91.57595937
-174.375,43.79873896,3.2928014,0.0401541,6.826261,63.57735423
174.375,59.93140602,3.3907628,0.04293836,1.943594,81.23659659
-95.625,65.06273532,4.5198216,0.02367134,-3.1877353,85.65017604
174.375,43.18675518,2.7408442,0.046761557,7.438245,62.67835107
-50.625,47.1711657,3.549186,0.037549213,3.4538343,66.46713896
163.125,44.78386259,3.7939937,0.03364054,5.8411374,71.64617771
-106.875,60.12613404,4.534941,0.030301262,1.748866,72.09485967
-140.625,48.9413929,3.1189034,0.037485413,-9.566393,94.32757621
-28.125,53.86145496,3.7369041,0.038980644,8.013545,84.69679775
163.125,46.01881552,3.9167488,0.033834636,-6.6438155,93.63029586
-95.625,52.53279495,3.749398,0.031274635,-1.907795,75.2386045
-28.125,48.83525383,2.654266,0.04408725,1.7897462,80.01545439
174.375,56.70166445,3.5389483,0.034200884,-6.0766644,91.95207057
61.875,45.9241724,5.1141953,0.027811322,4.7008276,78.30423929
-151.875,55.1081233,4.326272,0.033141505,6.7668767,70.63470183
50.625,54.83808374,5.6398063,0.026629591,7.0369163,71.03777178
151.875,44.70809221,4.0515513,0.033917427,-5.333092,107.2972653
39.375,47.60078526,3.8839529,0.033944696,3.0242147,61.72630466
140.625,54.04649496,4.344234,0.036502462,7.828505,70.04768122
-5.625,43.93918324,3.3008802,0.04214371,6.685817,64.96320644
-28.125,41.00740278,2.048999,0.046241455,-1.6324028,72.30786595
16.875,34.8757863,3.5452654,0.038024113,4.4992137,66.94739006
-118.125,47.91797471,3.917425,0.03372336,2.7070253,85.50202924
151.875,41.64037704,2.4986544,0.044784866,-2.265377,99.47932836
-39.375,76.57782626,4.37653,0.03219778,-3.4528263,93.31984327
-61.875,38.22118115,4.0919695,0.03574949,1.1538188,94.68462435
-129.375,45.54169941,3.555225,0.038366027,5.0833006,75.66936404
163.125,47.18336391,3.3611867,0.039378826,-7.808364,78.01964579
-163.125,43.43051291,2.448368,0.049320944,7.194487,76.16942951
-73.125,65.38629365,4.7111163,0.023846464,-3.5112936,87.84952427
-28.125,61.27831995,3.494678,0.04428061,0.59668005,82.01781997
-84.375,51.84440672,2.589906,0.048991263,-1.2194067,51.9349826
-50.625,41.97554898,2.600789,0.04447737,-2.600549,84.61294351
5.625,21.716434,2.365715,0.045418847,6.408566,85.8910973
174.375,45.53272104,2.693953,0.043820832,-6.157721,100.3149815
-95.625,54.30424142,3.5914593,0.02942912,-3.6792414,85.45669727
-163.125,69.76227355,3.6802304,0.037663102,3.3627264,77.8553251
-140.625,42.46538925,3.8184762,0.029312108,-3.0903893,71.36435728
174.375,52.82672548,3.3535922,0.040451463,-2.2017255,99.03044149
-73.125,69.97918797,4.247044,0.031958282,3.145812,79.14888097
-174.375,39.53268312,2.733661,0.045496594,-0.15768312,72.237515
39.375,59.01244736,3.118876,0.04420335,2.8625526,84.94415988
-39.375,57.90066099,4.201194,0.026366208,-7.275661,84.80956417
-174.375,60.58094144,3.688175,0.030926578,1.2940586,90.5392596
-50.625,56.47057629,3.7058413,0.039303854,-5.8455763,78.56009817
140.625,42.74296284,3.264319,0.04317779,7.882037,76.1979114
-151.875,48.20305753,3.2090635,0.04098447,2.4219425,80.21128274
174.375,38.37875384,2.8966777,0.03619143,0.99624616,71.99643664
-151.875,33.23905134,2.7711833,0.04240764,6.1359487,78.86544178
-16.875,45.06760406,3.0000737,0.047656946,5.557396,71.26374859
-174.375,84.61043242,4.53241,0.030053522,-0.23543242,83.04893948
174.375,63.82589388,3.6472924,0.039342858,-1.9508939,86.07808056
-16.875,56.10559511,3.0424309,0.042471457,5.769405,84.61154332
163.125,46.27586555,3.4780788,0.033861965,-6.9008656,88.70095517
-39.375,56.20217943,4.6765456,0.030195188,-5.5771794,81.20808738
174.375,49.41388035,2.9270508,0.041455876,-10.03888,86.59438822
16.875,56.04866123,4.6958036,0.02789665,-5.423661,87.88781431
39.375,32.35234404,2.3907356,0.050075,7.022656,63.29002183
174.375,47.95516992,3.639909,0.038534243,2.66983,95.99235969
-95.625,54.18566418,3.5209897,0.037689004,-3.5606642,71.90175656
-174.375,42.17983413,2.7222593,0.041425604,-2.8048341,88.77043868
-163.125,69.34766197,4.8291626,0.02561566,-7.472662,78.59336802
-95.625,61.9676215,5.8089643,0.01688975,-0.0926215,68.53256085
-106.875,50.2718524,4.20186,0.03322661,0.3531476,74.7674922
174.375,50.75471728,3.906934,0.035660226,-0.12971728,73.89740806
-118.125,43.19094706,3.6897202,0.03715086,7.434053,77.96417783
174.375,63.89784598,3.329011,0.041224934,-2.022846,77.60612565
118.125,43.41553211,2.9243731,0.0430217,-4.040532,78.45099956
-50.625,47.10268569,3.6699507,0.039049577,3.5223143,82.04711465
28.125,43.92080069,3.2889297,0.04440243,-4.5458007,64.3947298
28.125,57.07300377,5.289474,0.02777179,4.801996,71.16807813
-140.625,57.99583817,4.813381,0.025892138,3.8791618,70.9706037
-174.375,44.81241035,3.1479228,0.042959087,-5.4374104,88.7158723
163.125,57.38550854,3.8553019,0.03561951,-6.7605085,92.42693264
-95.625,48.70982909,3.5657728,0.032987464,1.9151709,88.09417482
-174.375,45.75475502,3.8752003,0.040299647,4.870245,77.88056265
-95.625,70.09500122,5.2640414,0.019567298,-8.220001,107.5509454
-95.625,50.95570451,3.5485134,0.039585277,-0.3307045,83.87163576
-129.375,44.70813179,4.661254,0.028392492,5.916868,78.15069663
-50.625,44.25031281,2.9691637,0.041281804,-4.875313,97.51817614
129.375,51.00168836,4.026168,0.030825928,-0.37668836,71.79303361
-118.125,48.62003303,3.6132889,0.03834606,2.004967,69.48553616
140.625,44.15626669,2.0416265,0.04743726,6.4687333,86.45328334
174.375,65.90899229,3.550476,0.04008556,-4.0339923,75.82641058
-50.625,37.85608363,1.8281047,0.05309029,1.5189164,98.15388234
39.375,25.06775928,2.9237826,0.041794416,3.0572407,80.09163832
-16.875,41.77987099,2.8118815,0.04070117,8.845129,57.21867692
-73.125,68.71921873,5.2893953,0.0259695,4.4057813,84.00554845
-61.875,45.31835604,3.306785,0.032535702,-5.943356,91.24509818
140.625,60.25742292,2.832372,0.048911996,1.6175771,90.20749682
-151.875,43.8385725,2.7275078,0.042959332,6.7864275,67.60218663
174.375,42.66211343,2.812898,0.03814724,-3.2871134,87.66451494
-129.375,47.99386525,4.6043234,0.028013535,2.6311347,74.14746812
-84.375,53.92971992,3.7603512,0.031691063,-3.30472,75.49145127
-174.375,52.32799697,3.412703,0.043332823,-1.702997,80.55637805
28.125,56.37737608,3.190521,0.041875407,5.497624,88.55629176
-95.625,47.41603661,3.4207745,0.036236364,3.2089634,71.29970271
-106.875,41.78606701,3.0951173,0.040016808,-2.411067,84.69487163
-50.625,41.58878088,3.2677908,0.04086661,-2.2137809,87.38003756
-5.625,58.6419847,3.4404907,0.03873708,3.2330153,73.55573468
-39.375,71.79293954,3.820007,0.04260924,1.3320605,93.18819821
28.125,24.5533452,2.8175266,0.039565925,3.5716548,73.07721163
163.125,50.67662628,4.511083,0.035484448,-0.051626284,66.63590611
-140.625,47.2083497,2.5823271,0.040256612,-7.8333497,88.12881071
84.375,66.69325638,4.3365884,0.033300586,6.4317436,84.90683972
-106.875,63.56330955,4.844214,0.023703607,-1.6883096,84.8284633
-16.875,44.9536767,4.707204,0.02603994,5.6713233,73.11396488
-61.875,36.80693507,3.0489516,0.04747553,2.568065,69.24607656
-5.625,57.22701502,3.7423396,0.04064012,4.647985,69.78368758
-73.125,45.3824892,2.9225168,0.046185955,5.242511,81.78271803
-129.375,46.69349098,4.015294,0.031843286,-7.318491,80.08934338
28.125,56.16743183,4.460208,0.032968298,5.707568,79.06238345
39.375,53.46199417,3.2408214,0.04379943,8.413006,74.89425368
-50.625,58.22049713,4.0983753,0.032562785,-7.595497,109.0405072
151.875,33.63584566,2.3675933,0.046418373,5.7391543,90.70946791
-16.875,55.9213872,2.9864507,0.048216786,5.953613,65.07963385
-129.375,46.76397085,2.9700043,0.037719347,-7.388971,84.29092058
-84.375,41.099576,3.042288,0.041682906,9.525424,58.50321352
-84.375,54.29919624,2.9894016,0.03885523,7.5758038,60.38006072
-174.375,44.21228933,3.1636899,0.043860838,-4.8372893,88.75046721
-16.875,43.89494085,3.249697,0.035163235,-4.519941,59.92631759
-5.625,45.18410015,3.0013351,0.041537482,5.4409,66.65611664
39.375,44.29838705,2.8821218,0.04107942,6.326613,77.38721126
-5.625,85.11124337,3.3948941,0.038349763,-0.73624337,84.69756956
-16.875,41.19435215,2.985054,0.04576811,9.430648,92.35029792
-118.125,41.14385891,3.0580335,0.045786526,9.481141,80.31956173
39.375,47.06597424,3.1548886,0.046035964,3.5590258,72.25336104
-39.375,35.36248875,2.4635181,0.045762196,4.0125113,99.35704065
163.125,33.33461571,2.3462896,0.04386335,-5.2096157,86.90732017
174.375,46.30594587,3.3713624,0.040316794,4.319054,80.73850505
-61.875,43.08468819,3.1875775,0.040770426,7.540312,66.00149765
-50.625,58.43763685,3.852845,0.032036025,-7.812637,87.00917878
-84.375,61.65247791,3.7396524,0.039422505,0.2225221,77.47232225
-84.375,53.2416091,4.171825,0.028866794,-2.616609,81.8020338
151.875,56.47767639,4.1763325,0.032636173,5.3973236,65.10278819
-163.125,63.4483664,4.4161186,0.03470215,-1.5733664,72.57761744
-84.375,55.9782629,4.562692,0.030021368,5.896737,88.08222199
39.375,59.66320133,4.5172734,0.027659139,2.2117987,72.70067013
39.375,49.60712254,2.880972,0.04640739,1.0178775,100.8455779
-16.875,76.78207541,3.3678203,0.040618323,-3.6570754,89.49085288
-140.625,43.03458762,3.9611278,0.035178766,-3.6595876,105.1609119
174.375,47.78487086,2.9691365,0.044742934,2.8401291,82.86253678
-50.625,39.94415104,3.1952767,0.044797257,-0.56915104,93.56685706
-28.125,34.48001242,2.4616747,0.045889348,4.8949876,78.93833356
-28.125,40.96392918,3.1111352,0.041516025,9.661071,82.55075914
174.375,49.03207135,2.8407536,0.04211053,1.5929286,76.73788566
151.875,42.41157246,3.6976442,0.037035283,-3.0365725,88.46294356
-73.125,48.89988077,4.1139455,0.028474832,1.7251192,61.7969698
28.125,55.73814201,3.4649584,0.043518435,6.136858,67.75647377
-84.375,56.82158279,4.277773,0.029855255,-6.196583,76.4449047
-174.375,78.16260958,4.8582554,0.024844758,-5.0376096,78.91810937
174.375,53.28097248,3.3947625,0.038536467,-2.6559725,83.86449821
-28.125,50.41835725,3.6504931,0.03209452,0.20664275,76.67976075
-5.625,53.21449113,3.652845,0.037948705,-2.5894911,76.385967
-16.875,44.49941683,2.8478134,0.048602425,6.125583,75.33343485
-118.125,46.1133604,3.2059405,0.041012283,4.5116396,72.81140799
-28.125,36.61587572,2.2184427,0.048235666,2.7591243,63.0213017
50.625,52.6061492,2.6921034,0.04959137,-1.9811492,81.40815045
163.125,53.78543973,4.530488,0.027865706,-3.1604397,89.56890828
-140.625,48.66472101,4.2551913,0.032346148,1.960279,89.00407896
151.875,39.54701379,3.041866,0.045629255,-0.17201379,77.6470863
-106.875,42.69514704,3.197477,0.035281736,-3.320147,93.44242468
73.125,44.9925046,3.2778163,0.045773618,5.6324954,98.47202572
174.375,51.02777535,4.276109,0.031142868,-0.40277535,91.25086286
-16.875,62.16812265,3.4366503,0.042734485,-0.29312265,87.8423799
-39.375,52.10767674,4.137318,0.03464887,-1.4826767,87.11953415
-151.875,47.19456983,4.400282,0.030103533,3.4304302,70.1961627
-106.875,48.85604191,3.7479703,0.03293341,-9.481042,85.63312789
-39.375,43.11492872,2.6102955,0.0456558,7.5100713,77.69909136
-95.625,68.49931288,4.7994246,0.025161311,-6.624313,81.74871052
-174.375,45.09542084,3.3269966,0.035011366,5.529579,81.85867656
163.125,52.64155626,5.5466256,0.017768156,-2.0165563,80.37819891
-106.875,58.61006665,5.013171,0.026059335,3.2649333,80.45762035
174.375,40.81190479,3.2421474,0.03316165,-1.4369048,85.36498149
-50.625,45.38655424,3.5253766,0.039396223,5.2384458,78.25128483
-73.125,54.9639349,4.872877,0.026041001,-4.338935,85.91970897
-61.875,39.78684205,3.6119566,0.03543123,-0.41184205,83.0699628
-28.125,42.41508985,2.9042559,0.0427007,-3.0400898,63.80181474
-84.375,44.33558321,3.283649,0.040565178,6.289417,69.6179667
-39.375,59.43400478,3.870146,0.037161425,-8.809005,86.1951705
-106.875,44.45236683,4.1032844,0.0321855,6.172633,76.79627012
-95.625,45.35169268,3.1611662,0.038966794,5.2733073,52.23302473
-118.125,40.33082521,2.6538136,0.04441263,-0.9558252,65.83481371
5.625,54.68412256,3.485773,0.040033724,7.1908774,68.69608241
-84.375,50.02820921,4.1851997,0.037417836,0.5967908,70.78655743
-174.375,49.97613829,3.1076298,0.044128604,0.6488617,91.93910004
129.375,42.23942471,3.3117328,0.039043974,8.385575,72.38750596
-28.125,46.7932651,2.5212183,0.048751414,3.831735,90.11485897
174.375,46.18906164,3.3863053,0.043663666,4.4359384,81.8491143
28.125,58.95420861,3.8648233,0.041755855,2.9207914,69.49761877
84.375,50.05180967,3.8784485,0.03343324,0.57319033,88.40931292
-84.375,45.20125484,3.4412594,0.039510854,5.423745,64.31421553
-16.875,42.39634991,2.8461616,0.04100188,-3.02135,76.89441311
-118.125,61.27227885,5.3918343,0.021555543,0.60272115,80.68223112
174.375,22.6832304,2.7066882,0.041447643,5.4417696,72.66738662
163.125,42.93681645,3.5622592,0.040234726,-3.5618165,87.40435987
-106.875,47.45309496,3.7119145,0.037485756,3.171905,63.48229849
-16.875,48.65262437,2.894355,0.044954542,1.9723756,82.78904395
-174.375,40.5745815,2.4405904,0.045884285,-1.1995815,87.96147791
28.125,62.29550356,6.079427,0.017399797,-0.42050356,72.15967134
-140.625,36.01156211,2.6397493,0.04579071,3.363438,79.22021547
-106.875,40.20801252,3.2701557,0.036507696,-0.8330125,75.80251858
-61.875,39.1329248,2.430348,0.044615608,0.2420752,58.83902661
50.625,61.12506968,3.8049986,0.033254687,0.7499303,94.91956237
-95.625,68.46661472,4.350477,0.028876327,-6.5916147,73.80533711
-95.625,63.68818367,4.728104,0.025646042,-1.8131837,79.90464823
-163.125,58.02389455,3.423643,0.035899557,3.8511055,55.82967941
-140.625,53.89844847,3.980237,0.031465884,-3.2734485,62.84137402
163.125,55.98765182,2.9452631,0.042498637,-5.362652,76.2106497
-129.375,47.61987591,2.7292213,0.042939853,-8.244876,95.28949907
-95.625,45.34251499,2.6213253,0.04457582,5.282485,79.43746329
-61.875,45.17794752,3.5386753,0.0403223,5.4470525,85.61215238
-5.625,70.40586066,4.7062664,0.028675025,2.7191393,99.97887473
174.375,46.35470247,3.9401658,0.03442217,-6.9797025,84.80345798
-106.875,48.47663498,3.9982486,0.032667324,2.148365,79.52208251
-151.875,42.75774097,2.814233,0.045510937,-3.382741,71.90625766
140.625,58.5523088,4.0020895,0.034246005,3.3226912,67.14278811
95.625,44.85745668,4.5385184,0.0289677,5.7675433,56.27464233
-16.875,58.69572783,3.676581,0.038273178,3.1792722,88.37678073
-151.875,41.40657473,2.8077946,0.045206767,-2.0315747,87.62638882
140.625,45.84827662,3.3135438,0.03889222,4.7767234,70.43558133
-140.625,56.47858238,4.4634314,0.0277592,5.3964176,68.34455989
-118.125,62.74567044,4.7400403,0.027077101,-0.87067044,86.32899439
28.125,57.57920551,4.397834,0.031019814,4.2957945,68.30200098
5.625,47.77809048,3.4835105,0.03992123,-8.4030905,73.02429815
129.375,37.39562309,2.8662941,0.04027234,1.9793769,68.1696729
-28.125,45.11206484,2.6853783,0.04498504,5.512935,82.55992525
-163.125,47.23459768,2.7298353,0.04810466,3.3904023,62.71026171
-39.375,35.96887159,3.0817845,0.04094241,3.4061284,79.25208513
-39.375,35.93293619,3.3094642,0.03609382,3.4420638,73.77964194
-16.875,42.59039783,3.52659,0.043241005,8.034602,68.89481359
16.875,56.46097231,5.441008,0.023435162,5.4140277,75.90723221
-50.625,49.72873515,2.9431348,0.047567144,0.89626485,77.6919743
-50.625,44.84819221,3.1911452,0.04085748,5.776808,93.59425978
-28.125,47.53103328,3.2746773,0.038953744,3.0939667,85.58630011
174.375,46.38974667,2.1705847,0.048708845,4.2352533,93.09114122
174.375,54.28548861,3.4393814,0.038218077,7.5895114,89.97739458
-50.625,67.12757826,5.0046062,0.028619204,-5.2525783,86.24206657
-73.125,47.34227824,2.6473749,0.043794304,3.2827218,69.14916984
-61.875,36.44572401,3.0716758,0.038867395,2.929276,68.99133783
-5.625,39.07118654,3.4884415,0.04066903,0.30381346,74.14064476
163.125,49.49427962,4.079488,0.030590996,1.1307204,92.2533707
-16.875,34.55278826,2.9060347,0.0408685,4.8222117,74.96295856
-39.375,44.48383331,3.3579948,0.0385921,6.1411667,79.53093443
-140.625,60.74302232,4.0534306,0.03572711,1.1319777,78.48702881
50.625,51.10246751,3.8634005,0.032884195,-0.4774675,88.41897764
-95.625,54.6338973,3.8063025,0.03256224,-4.0088973,64.3634407
163.125,48.71951747,4.0530734,0.033036053,1.9054825,93.30754893
-16.875,59.11365151,3.7039025,0.037124157,2.7613485,73.28826447
140.625,40.05741781,2.7189977,0.049638633,-0.6824178,90.86282615
129.375,66.44619751,4.937472,0.02582921,-4.5711975,74.74930341
-5.625,50.50682508,3.8928564,0.03449833,0.11817492,72.71417341
-73.125,56.34743881,4.080782,0.030489832,-5.722439,87.84546714
-16.875,55.25521851,3.7193112,0.039307363,-4.6302185,54.94764585
61.875,44.94196129,3.3062396,0.0398368,5.6830387,80.84909947
-5.625,41.95852447,2.930211,0.04021287,-2.5835245,65.01747912
-28.125,43.20331192,2.7905192,0.043921456,7.421688,79.78893117
174.375,43.11932325,2.7649696,0.040549383,7.5056767,85.51460362
-16.875,46.91197777,2.6691859,0.04329409,3.7130222,79.74213754
-50.625,41.75119305,2.9188833,0.043031566,-2.376193,91.1835855
-16.875,80.16724634,3.8749163,0.03605844,4.2077537,84.0139974
-95.625,48.61006236,3.3994212,0.04014994,2.0149376,75.94020836
-163.125,39.41830192,2.9701717,0.0415491,-0.043301918,79.28118173
140.625,81.06521177,4.326196,0.032843437,-7.940212,77.77504306
-73.125,47.16521645,2.624337,0.038827278,-7.7902164,94.46268418
-140.625,45.75892067,3.965057,0.03360625,4.8660793,81.43286891
174.375,44.02131701,2.6412268,0.04503907,-4.646317,95.31763262
-39.375,57.87473202,3.9270287,0.03429354,-7.249732,85.45569323
-16.875,67.32987499,3.8096318,0.039686903,-5.454875,86.17286993
-50.625,41.2820487,2.8516285,0.041978855,-1.9070487,95.42076848
163.125,46.67525101,4.116048,0.03345668,-7.300251,98.97127839
-118.125,48.72263718,3.514164,0.03867691,-9.347637,92.30194018
-28.125,54.82750893,3.3209608,0.038442645,-4.202509,74.5809734
174.375,45.60458326,2.781567,0.04560748,5.0204167,84.27183021
-106.875,40.2400167,3.2093205,0.03923938,-0.8650167,79.82273377
-95.625,52.08422601,3.9147165,0.02872921,-1.459226,81.26244886
174.375,56.50386524,2.9740722,0.039984718,5.3711348,75.95324036
-61.875,49.19530332,3.8116436,0.037148524,1.4296967,94.11368884
118.125,37.66433644,2.5347748,0.052216955,1.7106636,75.75289042
84.375,58.85292339,3.6129055,0.03567161,3.0220766,61.05920692
-50.625,55.6251359,2.825689,0.04582951,-5.000136,85.34361666
5.625,43.89397717,3.2221906,0.043026995,6.731023,62.8252821
-84.375,49.07971668,3.2233675,0.04385061,1.5452833,78.47905115
-118.125,52.56874943,3.4304953,0.044010602,9.306251,64.1123288
39.375,58.50799036,4.598242,0.03219497,3.3670096,64.77523964
5.625,58.79089141,3.5079484,0.045762822,3.0841086,79.27368902
-61.875,44.98216677,3.6886446,0.04073619,-5.607167,79.8302743
118.125,45.00532389,3.7839966,0.033471055,-5.630324,81.11777179
-118.125,41.07939172,3.6451478,0.035033602,-1.7043917,78.28921287
174.375,34.18898344,2.5458934,0.041621357,5.1860166,59.91435793
129.375,62.56256598,3.9191809,0.033465233,-0.687566,91.39144864
-95.625,44.73617363,4.388641,0.027426066,5.8888264,62.32059259
151.875,60.23319483,4.487846,0.031008929,1.6418052,87.40823941
-129.375,55.24835014,4.6032476,0.033316776,-4.62335,90.9165934
-95.625,54.73707914,3.194995,0.035608042,-4.112079,80.02550843
-140.625,75.77909517,5.1893106,0.026230397,-2.6540952,65.04491599
39.375,45.08301115,3.3432214,0.04441244,5.541989,62.02373891
-50.625,36.3158083,3.658896,0.045152575,3.0591917,67.11067939
-16.875,75.34808612,5.240081,0.028616834,-2.223086,73.25948889
-84.375,46.96285748,3.298272,0.035875835,3.6621425,67.06161131
163.125,74.56622887,3.2025394,0.04786461,-1.4412289,76.4982075
-140.625,45.82584572,4.5075197,0.032797273,4.7991543,89.59315546
-118.125,33.28197145,2.3743486,0.04752143,6.0930285,76.71709457
151.875,46.47065926,3.1707869,0.03618906,-7.0956593,93.38537894
140.625,66.01910305,4.1099596,0.03265548,-4.144103,91.11291353
-16.875,47.47063231,2.3882318,0.04952319,3.1543677,80.97356601
140.625,42.88332558,2.1941745,0.050873734,7.7416744,88.98492028
174.375,43.88599396,2.600879,0.045520004,6.739006,86.46617874
163.125,44.02338886,2.7233307,0.039176,-4.648389,88.28140397
-16.875,40.99082947,2.6146367,0.046908047,9.634171,76.50603489
-151.875,42.43810248,4.1124425,0.03300941,-3.0631025,78.99156122
-39.375,39.04705152,2.3297572,0.04860509,0.32794848,89.58453576
-39.375,44.76254272,3.3519993,0.044358037,5.8624573,97.88732737
-5.625,40.75942421,3.0336554,0.039094742,-1.3844242,88.05557742
118.125,45.66030455,3.0766888,0.04197169,4.9646955,54.24941269
84.375,59.77437019,5.5290756,0.01571194,-9.14937,84.33181293
39.375,59.98513246,4.1610193,0.033132568,1.8898675,75.27326088
-5.625,58.51869893,3.5480754,0.040711287,3.356301,78.00173704
-50.625,54.3112824,4.0421753,0.029010013,-3.6862824,94.5780734
16.875,52.24867034,4.288916,0.031295303,-1.6236703,75.50553512
73.125,58.59774423,3.1732888,0.046390705,3.2772558,81.65545111
-61.875,56.33387899,3.4207966,0.0333412,-5.708879,90.20619909
28.125,82.95955527,3.8717604,0.034027487,1.4154447,89.97967586
129.375,44.99487352,3.0240805,0.041927915,5.6301265,72.42432751
16.875,56.53575706,4.7730584,0.027405636,5.339243,84.02073196
-84.375,40.39140129,2.3475006,0.0530815,10.233599,78.58080731
151.875,43.01183009,3.221477,0.04387862,-3.63683,87.0545449
-73.125,72.94444881,4.212779,0.03469399,0.18055119,79.23143064
-95.625,55.74470139,3.6302898,0.032461237,-5.1197014,79.1116018
174.375,51.61407846,3.4153464,0.0359556,-0.98907846,80.71532338
-140.625,46.23335314,4.189509,0.032862756,4.391647,78.32995495
-174.375,74.16054678,3.5810902,0.040237345,-1.0355468,74.14336318
-16.875,76.63937426,4.366618,0.033912808,7.7356257,73.92455124
106.875,48.23502874,4.0437527,0.03867667,2.3899713,64.40215421
-106.875,37.56968856,2.3504581,0.044566903,1.8053114,59.2462698
174.375,47.59410667,3.1859148,0.038261898,3.0308933,84.04726725
151.875,51.18854862,3.6576328,0.03843732,-0.5635486,73.22990051
163.125,44.85185242,2.8200793,0.044931993,5.7731476,82.77047949
5.625,88.65078449,4.5591464,0.02841379,-6.9742155,56.84526024
-118.125,34.82818794,2.624276,0.046382543,4.546812,76.23570284
-50.625,50.67489412,2.916033,0.0415555,-0.049894117,90.36790381
129.375,49.41839945,3.0082939,0.04455775,1.2066005,74.25709949
174.375,54.20097756,3.620877,0.037609383,-3.5759776,95.88180625
-106.875,41.71054745,3.2321925,0.04296157,8.914453,97.26976899
129.375,53.93693829,2.854488,0.04608312,7.9380617,67.37331382
151.875,39.28570241,4.468779,0.029862119,0.08929759,80.29474083
16.875,47.94308305,3.6980984,0.04227732,2.681917,69.70121305
-16.875,75.7251997,2.9371204,0.045699343,8.6498,81.31209067
28.125,58.06513023,2.4604216,0.0476573,3.8098698,88.34821688
28.125,53.6596508,4.3594995,0.031039584,8.215349,78.00420957
-28.125,55.19410515,3.1497595,0.04447213,6.680895,62.76480077
-28.125,62.56474566,4.002676,0.03608224,-0.68974566,84.14669431
-140.625,32.32648373,2.4077756,0.045817446,7.0485163,61.67883485
151.875,43.02014685,3.4275525,0.04021755,-3.6451468,81.23899399
163.125,44.44305801,3.258301,0.041437108,-5.068058,92.41664638
-118.125,44.73736572,4.6606436,0.028071452,5.8876343,63.76648217
-163.125,45.36170197,2.8264875,0.047626972,5.263298,84.06652155
61.875,50.4580745,4.1479006,0.033971373,0.1669255,72.53507219
140.625,34.52062988,2.7265165,0.05091239,4.85437,94.16830303
-61.875,66.96651793,5.020372,0.022822684,-5.091518,71.24785474
-106.875,42.30915451,3.1839802,0.043549206,8.3158455,81.48492178
50.625,58.08262205,3.6871767,0.0365031,-7.457622,73.47670939
-28.125,32.34354162,2.7072773,0.049144965,7.0314584,83.64580922
163.125,52.89195609,3.6160772,0.033964828,-2.266956,73.65407575
-106.875,48.50967836,4.447678,0.030207101,2.1153216,66.8007254
-95.625,53.51347065,3.8508735,0.036743358,8.361529,69.1692301
-39.375,55.64724255,3.8363848,0.04238439,-5.0222425,66.54653308
73.125,59.80840588,3.611623,0.042806484,2.0665941,79.17900893
-84.375,78.5075202,4.852222,0.02734115,-5.38252,64.79152281
-84.375,54.79595995,4.8475943,0.029680267,7.07904,68.77389875
-84.375,57.98892546,3.5703032,0.035170894,-7.3639255,76.89880492
140.625,36.2083683,2.5996258,0.044464774,-8.083368,78.36972031
174.375,51.73201191,3.62286,0.042017125,-1.1070119,72.2709761
174.375,51.98614597,3.3029697,0.042812046,-1.361146,86.63377109
-129.375,44.86354256,3.8507705,0.03547472,5.7614574,70.8201483
39.375,53.06025767,4.850399,0.026141088,-2.4352577,72.36131901
-28.125,41.1596688,2.800175,0.04400338,-1.7846688,87.78362661
174.375,62.30991632,4.076473,0.03383429,-0.43491632,78.77037921
-140.625,76.86518049,3.5169704,0.038401887,7.5098195,65.04912339
28.125,41.97797394,3.9831283,0.030452423,8.647026,86.69154083
-106.875,38.02170837,3.139121,0.032714333,1.3532916,87.49861648
-39.375,36.12943459,2.0579078,0.0496368,3.2455654,72.80993267
151.875,43.98678827,1.9775127,0.05339323,6.6382117,75.72108906
-39.375,44.91635513,2.9679303,0.04390693,5.708645,79.2005855
-118.125,57.03833961,3.7473488,0.03939824,4.8366604,83.47528671
28.125,55.84620142,3.1500034,0.045076117,6.0287986,93.51120468
-95.625,45.47129726,3.527911,0.03721607,-6.0962973,75.85300734
-84.375,70.14304543,4.4729843,0.02815423,-8.268045,69.89054589
140.625,56.44641542,4.049682,0.033766646,5.4285846,68.02160806
174.375,72.73458353,3.1630256,0.04066983,0.39041647,73.00153996
-50.625,32.42144012,2.7624981,0.040124573,6.95356,64.17302869
174.375,59.03682995,4.093497,0.032636624,2.83817,65.48474603
-73.125,45.83549929,3.233843,0.04087265,4.7895007,70.37811894
-95.625,58.23683715,4.8590465,0.026093692,3.6381629,86.67926015
-5.625,56.38111591,3.5112364,0.043442424,5.493884,67.22472989
84.375,43.68728113,2.8735526,0.041733995,6.937719,77.08637558
-50.625,38.00980914,3.7840421,0.037928052,1.3651909,82.71915745
-16.875,44.72285509,3.1014335,0.046995845,5.902145,83.88703784
163.125,55.54771519,3.5348642,0.03466734,-4.922715,94.26723832
163.125,46.25117826,4.554797,0.029451465,-6.8761783,75.41205032
163.125,43.33462667,2.9766812,0.039689746,-3.9596267,98.62097165
-84.375,57.41749525,4.313225,0.026320029,-6.7924953,55.36680773
-84.375,72.68005762,3.841972,0.031262573,0.44494238,102.2624119
-28.125,46.0315361,2.7059488,0.054149862,4.593464,84.2843636
-28.125,49.1999737,3.1793296,0.045668177,1.4250263,90.56835621
16.875,70.2834022,5.2982564,0.02751445,2.8415978,76.10552626
-39.375,38.32336056,2.8964422,0.041186232,1.0516394,87.01906889
-95.625,40.55640268,2.9236746,0.038407516,-1.1814027,67.18375558
174.375,47.43597412,3.0667737,0.042028956,3.1890259,81.16623881
-163.125,38.78207737,2.7763398,0.04408431,0.5929226,73.71726183
174.375,40.57773232,2.8187206,0.039295696,-1.2027323,91.80236648
-16.875,33.92600489,1.8853456,0.048472337,5.448995,63.9434592
-118.125,43.28798175,3.7493198,0.03548997,-3.9129817,99.05932636
163.125,51.59553307,4.171205,0.035428498,-0.9705331,83.80429693
-84.375,56.67117071,4.111987,0.027888156,-6.0461707,91.90205992
28.125,69.30904818,6.1019964,0.02503494,3.8159518,81.62145726
39.375,45.32077551,2.7323906,0.04350649,5.3042245,84.28654243
-95.625,45.67046356,3.2440305,0.041488167,4.9545364,80.56436937
95.625,68.66697598,4.7234464,0.02804764,-6.791976,81.18126523
-140.625,44.90836334,3.377098,0.036083158,5.7166367,71.9383049
-118.125,42.56494236,3.666207,0.03530047,-3.1899424,87.30571827
-39.375,58.25883198,3.7284243,0.03763003,3.616168,76.30727639
-95.625,40.82050991,3.5326948,0.039245967,9.80449,85.70736521
-95.625,67.30894375,4.490831,0.023681495,-5.4339437,72.90489279
39.375,43.17308187,3.5185592,0.04156309,7.451918,90.51823628
163.125,54.59006476,3.2371006,0.043240923,-3.9650648,86.60781637
-39.375,50.42391492,2.6022835,0.043090478,0.20108508,83.77792557
28.125,44.41038179,4.2768703,0.027185714,-5.035382,79.28899547
-106.875,48.67183936,3.6598773,0.039055597,1.9531606,71.25511523
129.375,67.14555168,3.3374193,0.04120503,-5.2705517,86.24136989
-39.375,49.04248643,2.7374837,0.04525283,1.5825136,77.45930391
-61.875,63.09210002,4.809216,0.030385848,-1.2171,78.980469
-28.125,45.6785059,2.5998714,0.04738856,4.946494,70.7840849
-151.875,45.16832018,3.178385,0.039681025,-5.79332,83.15350284
-174.375,46.78265953,4.4428873,0.027506704,3.8423405,68.75468543
-174.375,34.08508158,2.6691282,0.041547198,5.2899184,78.99289994
151.875,44.8399148,3.871154,0.033460345,-5.464915,91.4897214
-28.125,55.02813244,3.4320147,0.044095222,6.8468676,79.68171086
-174.375,42.8838563,2.6719651,0.048345666,7.7411437,81.25675248
-61.875,78.77571011,4.626327,0.024452135,-5.65071,83.83721161
-151.875,38.25185943,3.9195566,0.030963171,1.1231406,77.64669698
16.875,52.02577603,4.057663,0.029360123,-1.400776,82.11827839
84.375,51.09002104,4.1615167,0.027160043,-0.46502104,88.32692718
174.375,64.95081234,5.7879853,0.019723503,-3.0758123,80.25325426
-5.625,80.02426624,3.2790256,0.03972653,4.3507338,72.6316579
-28.125,39.64468136,2.9040668,0.043172736,-0.26968136,81.74785674
28.125,48.24151945,3.4805481,0.03736649,2.3834805,70.23749218
-39.375,56.52663279,3.4421844,0.038984645,-5.901633,95.25654341
-84.375,70.39598083,5.796999,0.01872295,-8.520981,76.24221201
151.875,42.63062859,3.3336058,0.04026215,-3.2556286,95.0998657
-16.875,56.22685337,2.66448,0.049155608,5.6481466,85.55008645
-39.375,35.4575665,1.8554285,0.057752643,3.9174335,74.67277114
-95.625,43.39759064,3.4783819,0.03777751,7.2274094,52.93033924
151.875,36.26240349,3.5898252,0.033414267,-8.1374035,86.4491784
-16.875,45.41893482,3.6364632,0.031098388,-6.043935,73.41079807
-95.625,51.47272223,3.3460886,0.038206447,-0.84772223,89.07304338
-95.625,63.76773715,3.935634,0.034313194,-1.8927372,69.23198588
140.625,45.42765903,3.3252687,0.03552541,5.197341,69.67917203
-118.125,61.24809915,5.1775475,0.023100983,0.62690085,70.78600418
-16.875,49.39734042,2.8192406,0.046615273,1.2276596,94.89569086
-84.375,64.09253693,3.5963323,0.03519562,9.032463,83.21169605
151.875,41.41292286,2.3032134,0.048679385,-2.0379229,84.2532316
151.875,45.54900408,4.513944,0.031167854,-6.174004,92.79910282
-84.375,64.71782517,4.8355646,0.019100185,-2.8428252,101.6933478
-39.375,55.52846241,4.0248137,0.030592993,6.3465376,82.0209277
-118.125,43.94985151,4.1781597,0.030108558,6.6751485,78.35881933
-5.625,56.61326122,3.983766,0.037663534,5.261739,73.14670197
-129.375,58.40617704,4.5074897,0.028085016,3.468823,57.69220369
163.125,60.39675319,2.663818,0.04605691,1.4782468,78.72381098
-28.125,45.53714848,3.0715394,0.041858725,5.0878515,71.99272102
84.375,36.61677957,4.0830574,0.03812166,2.7582204,92.36637618
-95.625,83.51072127,3.268094,0.038995843,0.86427873,76.68782721
-95.625,56.57142162,3.6883593,0.038942717,-5.9464216,97.07305954
-95.625,85.35873777,3.3212845,0.039206717,-0.98373777,83.19251688
-73.125,67.70963478,4.7128124,0.024622666,-5.834635,96.39133153
-95.625,55.7041893,3.8959115,0.037499912,-5.0791893,73.49758245
-106.875,57.15941954,4.787056,0.024980318,4.7155805,69.11542187
140.625,38.29489839,2.8653116,0.04721085,1.0801016,91.21324901
5.625,46.00255394,2.770128,0.048496444,4.622446,59.77362188
-28.125,54.10256076,2.6855133,0.047931373,-3.4775608,71.85089214
-95.625,52.26751924,4.1149106,0.033539202,-1.6425192,85.81530952
-16.875,48.41872096,3.607923,0.03553875,2.206279,60.81495252
-174.375,66.39498997,4.9471016,0.02138564,-4.51999,90.19741546
174.375,67.65456533,3.6738226,0.036632713,5.4704347,62.10566703
-95.625,54.3523438,4.787611,0.025088891,-3.7273438,87.09292373
-16.875,49.25597274,3.4207428,0.043869898,1.3690273,85.98308629
-61.875,36.20109439,2.623811,0.04332716,3.1739056,76.74841099
-50.625,39.45277506,3.66684,0.03635548,-0.07777506,85.11599378
-5.625,56.26722479,3.3048408,0.044107154,5.607775,83.34366897
-95.625,54.23920846,3.5106797,0.037490964,-3.6142085,72.99356913
-118.125,64.50484586,4.0617576,0.030342337,-2.6298459,85.0869723
163.125,56.99167967,4.6730566,0.026460422,-6.3666797,84.86273719
-106.875,45.32545662,4.7626657,0.02914572,5.2995434,80.20273818
-174.375,41.83078027,2.7960815,0.043607704,-2.4557803,88.93496428
174.375,41.98601627,3.5658262,0.039560523,-2.6110163,79.33962083
-50.625,39.55407046,2.6426766,0.043943428,-0.17907046,65.70529283
16.875,49.20052719,3.4513888,0.036674477,-9.825527,67.21460755
129.375,59.26449275,4.59469,0.025524782,2.6105072,94.51981872
-39.375,46.57685232,3.2170866,0.042344436,4.0481477,80.9580888
-140.625,47.6371727,3.4999323,0.03657389,-8.262173,98.1622903
-95.625,58.07818222,3.7413774,0.030345175,-7.453182,84.25189288
-174.375,46.19202375,2.4919736,0.049051587,4.4329762,81.55283435
84.375,89.61247301,4.71154,0.022229351,-6.012527,75.12259374
-16.875,66.32322073,3.619072,0.04083967,6.8017793,73.0184037
39.375,68.47839165,3.3279145,0.043434042,-6.6033916,74.26586262
84.375,54.13499427,4.839571,0.021305941,-3.5099943,97.18965087
-61.875,50.1897769,3.241265,0.04234603,0.4352231,84.36989123
-61.875,30.73963547,2.2064133,0.049777873,8.635365,74.39963187
118.125,46.92087269,4.044015,0.03652347,3.7041273,98.57800976
28.125,58.21546936,4.031258,0.036209006,3.6595306,78.10626625
-16.875,71.55696797,3.7108488,0.038513362,1.568032,86.27196231
39.375,44.1639843,4.362589,0.029997924,6.4610157,69.8846651
163.125,46.64084435,3.5249207,0.03552629,-7.2658443,107.4989881
-16.875,48.53480005,4.061587,0.029321,2.0902,73.88346082
73.125,47.82244539,3.8184187,0.030252753,2.8025546,72.71285519
-106.875,70.33499146,4.709132,0.029862268,-8.459991,87.95115066
-95.625,65.75423121,4.838755,0.024805147,-3.8792312,86.40389425
16.875,44.3525486,3.7073643,0.037590705,6.2724514,78.89709971
-84.375,42.39545918,2.619658,0.044739876,8.229541,53.83206081
-16.875,43.03407001,2.9098186,0.041137107,7.59093,80.55528522
28.125,53.18459129,4.6534715,0.029555963,8.690409,73.834181
-140.625,63.43056738,4.846732,0.024206487,-1.5555674,87.03029773
-95.625,63.99727511,4.7774544,0.026587607,-2.122275,89.57493251
-95.625,63.94316363,4.511787,0.027073393,-2.0681636,77.15383736
-84.375,67.85038519,3.2251735,0.034436394,-5.975385,63.14238046
-140.625,62.10108605,5.080063,0.021898547,-0.22608605,69.83893698
-5.625,41.34618104,3.2748506,0.04378915,-1.971181,85.76819488
174.375,45.31393385,3.593558,0.036317274,5.311066,66.51604312
61.875,53.85202885,3.9844954,0.03861917,-3.2270288,88.22971309
-118.125,52.95543051,3.974501,0.03519805,-2.3304305,76.76084193
163.125,48.51380825,3.7415936,0.036583744,-9.138808,90.66919029
-61.875,45.36087656,3.4360628,0.03738896,5.2641234,47.01124608
-151.875,69.29391384,5.313843,0.025222894,3.8310862,73.82120364
163.125,54.57098675,3.287223,0.041628722,-3.9459867,68.16015161
-140.625,75.26616669,3.8150828,0.035680126,9.108833,77.03630346
-50.625,61.06336606,4.3048797,0.037419215,0.81163394,81.6708327
-140.625,50.90213713,3.6586096,0.038117975,-0.27713713,62.53532008
-118.125,50.097103,3.204841,0.04222847,0.527897,92.97977498
-50.625,59.93012071,3.3144488,0.04239362,1.9448793,87.71836415
28.125,54.52993155,3.0667627,0.04417068,-3.9049315,79.02950975
28.125,32.30222082,2.4504266,0.050419927,7.072779,64.75220824
-84.375,55.05276585,4.2599225,0.031379018,6.822234,71.06137692
-95.625,60.88475704,4.8503723,0.03020051,0.99024296,70.78413271
73.125,38.58254707,3.7434995,0.035317224,0.79245293,78.18533935
-140.625,44.39416027,3.4937575,0.04013897,-5.0191603,99.36988823
-61.875,40.21839941,2.7023168,0.03960714,-0.8433994,101.7383998
174.375,46.60391378,3.8362699,0.02962702,-7.228914,90.3577883
-61.875,45.01429844,2.837172,0.038139444,-5.6392984,96.72600397
84.375,53.93892574,3.570472,0.038577765,7.9360743,79.78666354
163.125,46.80382061,3.0045755,0.038077965,-7.4288206,93.55260929
-84.375,54.89591074,4.2256756,0.031209908,6.9790893,85.83657873
-16.875,64.23793721,3.7742538,0.04181344,-2.3629372,77.78577329
-129.375,38.38935339,1.3914232,0.05227225,0.9856466,71.41114407
174.375,61.30549169,3.6696978,0.037578408,0.5695083,72.58640789
-140.625,74.9611851,4.947235,0.026755497,-1.8361851,78.87380193
163.125,44.15496778,2.512485,0.040855505,6.470032,81.52905846
-106.875,46.62350655,3.749119,0.03344794,4.0014935,83.45342328
-129.375,60.57565987,4.3181725,0.028395064,1.2993401,84.53124762
-163.125,53.41290379,3.3366506,0.040630043,-2.7879038,68.22764071
-106.875,53.20652008,4.5050154,0.029835602,8.66848,55.5093128
151.875,45.24995518,3.0201151,0.03840451,-5.874955,84.15734258
163.125,52.36099839,4.145231,0.034281295,-1.7359984,89.54900511
-95.625,57.79705954,3.610245,0.0353325,-7.1720595,76.13174736
-118.125,44.38165283,3.4743745,0.034537524,-5.006653,80.46807737
-106.875,61.72838777,4.328678,0.033052932,0.14661223,85.50484328
-16.875,61.16138321,3.1233892,0.049547385,0.7136168,75.52573882
39.375,32.89297485,2.1864889,0.04723708,6.482025,71.75207297
163.125,57.39491367,3.28897,0.0401447,-6.7699137,89.2614883
140.625,45.72172642,3.4948993,0.042047374,4.9032736,73.490602
151.875,48.45180607,3.276913,0.037584227,-9.076806,86.3315079
-39.375,55.70218325,4.2364583,0.03192888,-5.0771832,69.73444875
151.875,41.45381117,3.2641993,0.03966596,-2.0788112,104.1549548
-174.375,42.85683298,2.8671217,0.04690607,7.768167,76.49565301
-95.625,52.02366698,3.7858615,0.032738585,-1.398667,72.95062773
-140.625,78.49173546,4.628725,0.023406422,-5.3667355,84.29580417
-28.125,35.51703954,2.362891,0.049038496,3.8579605,67.14112837
-5.625,38.52475947,3.460264,0.03828869,0.8502405,85.59181207
-84.375,48.22497177,3.4847,0.03442838,2.4000282,68.57436161
-95.625,57.78720808,3.6749942,0.038251486,-7.162208,90.90760487
174.375,45.14617968,3.511305,0.033095926,-5.7711797,85.6403474
-129.375,47.94913769,3.6551292,0.036720604,-8.574138,75.27548752
-16.875,54.99222279,3.3546042,0.04412944,-4.367223,78.6047881
-61.875,36.18157291,3.214366,0.045349497,3.193427,66.47810142
-73.125,44.25527,2.9086525,0.040386446,-4.88027,80.26841045
-140.625,44.58886337,4.0508347,0.032128815,6.0361366,81.46303785
-174.375,39.93713897,3.5161512,0.03825677,-0.562139,74.59076106
-151.875,45.77911997,3.600074,0.03596272,4.84588,79.10735342
-174.375,49.37624657,3.2384977,0.044972703,1.2487534,78.82691951
-16.875,54.26623774,3.839468,0.035198726,7.6087623,87.10290947
-39.375,36.19919395,2.4231305,0.044365603,3.175806,81.18864866
-140.625,47.17616892,4.0565476,0.029056706,-7.801169,88.68604486
174.375,44.55387974,2.2801936,0.050433267,6.0711203,79.76574267
-50.625,35.34137011,2.8197904,0.048711654,4.03363,76.56573075
-16.875,58.88408685,3.6557322,0.039474826,2.9909132,85.66650702
28.125,45.24435472,5.300362,0.025424225,5.3806453,73.22170428
-95.625,62.62319714,5.731957,0.02079221,-0.74819714,76.28910809
-174.375,82.72908664,4.630328,0.028598052,1.6459134,73.36944127
106.875,87.89000106,3.7052283,0.033519454,-3.515001,81.28270037
-106.875,58.66169715,4.09354,0.027987853,3.2133029,85.64640578
-118.125,39.68747181,3.5070183,0.039349496,-0.3124718,69.7452746
-129.375,76.87489438,4.6068287,0.02924482,-3.7498944,77.57365493
-163.125,69.98976135,3.6258316,0.038046762,3.1352386,79.44990107
-174.375,63.95399618,4.5751553,0.029743012,-2.0789962,94.67122352
-61.875,69.10468483,4.583595,0.02822938,-7.229685,80.89190427
174.375,55.3553896,4.198142,0.03255337,-4.7303896,76.17932645
174.375,59.53219986,2.530332,0.046421595,-8.9072,85.2538953
-28.125,43.58114767,3.4499998,0.04035324,7.0438523,72.05730729
-5.625,46.15564775,1.9619855,0.051216297,4.4693522,83.7417119
-151.875,71.49053967,4.076638,0.031603746,1.6344603,86.77000605
-28.125,31.49555445,2.6029623,0.044295743,7.8794456,67.89612382
28.125,70.14036798,5.4198375,0.03223073,2.984632,73.05432366
129.375,57.84614658,3.9050183,0.035584312,4.0288534,58.56920681
-95.625,59.08033895,3.712924,0.035465017,2.794661,66.20228472
-28.125,66.12740993,4.270612,0.031728383,6.99759,83.05105001
-106.875,45.94764805,3.2123466,0.037507612,4.677352,80.43104408
-118.125,76.33609128,5.210531,0.022494338,-3.2110913,71.63547481
-118.125,53.30257559,4.6912313,0.023818197,-2.6775756,76.08384724
174.375,53.41898131,3.120281,0.04340612,-2.7939813,86.70468212
-39.375,45.70869446,3.334897,0.044941086,4.9163055,92.33510075
-73.125,83.35235906,4.3011603,0.027942779,1.022641,69.63983014
-106.875,65.20091581,5.160959,0.016682966,-3.3259158,80.18670089
-118.125,45.61602449,3.722149,0.03575983,5.0089755,81.45952714
-140.625,46.69019985,4.1411533,0.026452186,-7.3152,88.30285076
39.375,32.9843955,3.2934518,0.038182113,-4.8593955,84.42598758
-73.125,57.4166255,5.51964,0.01715258,-6.7916255,62.96319045
118.125,50.59603359,3.2504594,0.0408822,0.028966414,77.13198075
-118.125,57.0368495,4.622196,0.028973855,4.8381505,85.39528704
-73.125,69.57558489,3.9075923,0.03655318,-7.700585,92.71254383
-84.375,84.41955258,4.0354,0.035068545,-0.04455258,84.44119841
-174.375,53.4042294,2.6532352,0.045588378,-2.7792294,81.98733
-50.625,82.5331533,3.523342,0.037699345,1.8418467,74.37830802
16.875,55.10784197,4.0199347,0.034480732,-4.482842,83.11017212
-95.625,48.66288567,3.6741874,0.033146113,1.9621143,99.51752277
-129.375,43.19422674,3.7752495,0.035277307,7.4307733,77.12653709
-174.375,51.46005827,3.3840504,0.041851815,-0.8350583,78.08619233
-50.625,86.92671776,3.7489104,0.03146195,-8.698282,67.95882496
-50.625,63.45656812,4.154763,0.034510426,-1.5815681,92.91023
-151.875,45.22475719,3.4947414,0.03499879,5.400243,57.34510031
-95.625,67.49901867,4.54668,0.026887188,-5.6240187,81.59878103
-174.375,59.34260464,3.544583,0.04076393,2.5323954,75.78525186
16.875,49.34217238,2.5726051,0.048596285,1.2828276,96.11792589
-39.375,47.03630042,3.0147753,0.044757757,3.5886996,74.38286376
39.375,66.94124556,4.520188,0.029457465,6.1837544,78.68447592
-174.375,50.19570693,3.1822007,0.04313017,0.42929307,69.16741327
163.125,56.90798187,4.712999,0.029084463,-6.282982,92.59431326
174.375,61.85155514,4.6988163,0.027326299,0.023444863,74.01518785
174.375,53.73896194,3.6204944,0.034390137,-3.113962,93.52440061
-95.625,54.79619312,4.4812646,0.031067697,-4.171193,66.08674524
174.375,50.39192668,3.3953395,0.03939496,0.23307332,88.75058332
-95.625,52.41550553,3.2534258,0.034540754,-1.7905055,70.62805606
16.875,56.84148073,5.2020717,0.027335582,5.0335193,83.37299097
174.375,46.88379359,3.5631096,0.033527803,3.7412064,75.85723522
-106.875,47.57795906,4.3569574,0.02749671,3.047041,88.22047868
-39.375,35.46817923,2.4405177,0.04349943,3.9068208,71.44074611
-129.375,37.16903424,2.6794991,0.043631773,2.2059658,75.36885621
174.375,55.18445349,4.113725,0.034862496,-4.5594535,71.50816008
-5.625,51.20048887,4.2959976,0.02476929,-0.57548887,68.27386743
151.875,47.49949241,3.3127348,0.042303458,3.1255076,89.07499682
-16.875,43.27465963,3.617854,0.039419908,7.3503404,71.45297215
174.375,24.10811377,4.637437,0.030980613,4.016886,66.93594949
-118.125,46.25357628,3.594808,0.03911536,4.3714237,83.63839846
174.375,33.33696556,2.7922711,0.0424463,6.0380344,78.09379433
-5.625,50.93506861,3.8084342,0.034171943,-0.3100686,71.46175578
61.875,60.75350285,5.0922875,0.027476726,1.1214972,76.21990461
151.875,34.43594074,1.5496554,0.051017962,4.9390593,79.01929862
-84.375,71.47793865,3.9416125,0.0307561,-9.602939,69.45024458
163.125,65.69287205,4.7825775,0.02994287,7.432128,74.01464143
-140.625,46.16372585,4.3274307,0.033051036,4.461274,76.51878686
-140.625,63.12159145,5.7450004,0.018365895,-1.2465914,70.19638127
-61.875,41.79861236,3.3796008,0.040904783,-2.4236124,100.1092494
-95.625,54.25686717,4.4717703,0.0332103,-3.6318672,88.29262597
-84.375,55.06736374,4.2216406,0.025467943,-4.4423637,76.52333576
-129.375,47.69963884,3.3767326,0.0396212,2.9253612,74.89296961
-61.875,58.35926628,4.1379147,0.033336878,-7.7342663,91.96314231
28.125,78.97578001,3.0153086,0.043996517,5.39922,77.37670643
174.375,41.27890563,3.673022,0.03185173,-1.9039056,87.64278128
-95.625,42.31687593,3.700407,0.031333134,-2.941876,73.40317558
163.125,53.78798103,3.133956,0.04526778,8.087019,78.29617966
-73.125,54.93417311,3.7619114,0.02935485,-4.309173,81.76039014
-95.625,69.43836832,4.2755256,0.027299745,-7.5633683,68.71560992
-140.625,81.50256371,3.7732584,0.036343597,2.8724363,76.59774384
-16.875,58.38820624,3.7608426,0.037700452,3.4867938,94.42495422
-39.375,66.35830545,3.4647138,0.040783864,6.7666945,72.36736373
-39.375,51.02544332,3.6159606,0.03878184,-0.40044332,93.27902606
-84.375,46.17662811,3.6217623,0.037727475,4.448372,59.61693734
-163.125,49.50925541,3.422129,0.038626146,1.1157446,76.73598687
16.875,62.08741166,5.1234913,0.02664299,-0.21241166,70.01238963
-84.375,57.15479088,3.6968803,0.03595765,-6.529791,68.38713246
-16.875,59.05638218,3.4343464,0.043788265,2.8186178,71.6058796
-106.875,64.57711267,6.0945053,0.019721039,-2.7021127,93.39027618
-61.875,47.71821904,3.3981113,0.042740285,2.906781,83.22418164
-106.875,70.34534001,4.9604187,0.02884446,2.77966,75.22890563
-16.875,43.65958452,3.5266979,0.039221197,6.9654155,60.24468637
-106.875,47.11981273,3.9279048,0.03727604,3.5051873,75.80282594
-50.625,76.83033609,3.6954815,0.037879113,7.544664,82.09485767
-140.625,63.8671447,3.943469,0.03486461,-1.9921447,54.84303468
5.625,45.18563414,4.027242,0.03375131,5.439366,70.74283738
129.375,55.78060722,5.3925643,0.024803292,6.094393,61.2244087
-151.875,35.98078442,3.9318726,0.033879247,3.3942156,79.18598939
-106.875,58.20562005,4.5116634,0.030090887,3.66938,61.52228691
-151.875,45.32660818,3.329862,0.043641265,-5.951608,84.19896575
-118.125,53.02177215,3.1552985,0.04377077,-2.3967721,79.84378442
174.375,44.00492334,2.5366144,0.046622384,6.6200767,90.61377696
-5.625,62.60217679,4.9531145,0.032777574,-0.7271768,75.73309654
-174.375,83.60437101,4.3184724,0.031911787,0.770629,74.94638852
-28.125,38.47514641,3.549142,0.03634608,0.8998536,67.66504486
-5.625,43.72608805,3.0890968,0.043894596,6.898912,73.04529415
140.625,48.16417027,4.1747007,0.0349896,2.4608297,90.80183256
-39.375,34.36803818,2.7692933,0.04461796,5.006962,71.93616706
-84.375,62.14806628,4.4974933,0.028091531,-0.27306628,72.65419752
-140.625,62.82834518,4.312334,0.029495053,-0.9533452,65.5535875
-73.125,68.08656406,5.113503,0.023909617,5.038436,85.04452951
-106.875,48.42286325,4.0513105,0.034027502,2.2021368,84.10207951
-73.125,48.48629475,2.771331,0.03605235,-9.111295,74.60556891
-28.125,58.80394793,3.2139578,0.049619418,3.071052,74.20186375
-106.875,76.78572798,4.4995914,0.027192507,-3.660728,79.74796369
-28.125,46.58050537,4.0082784,0.035516754,4.0444946,67.53495708
-50.625,34.51024961,2.6395478,0.05116028,4.8647504,84.27318941
163.125,57.46994066,3.7565267,0.031354357,-6.8449407,75.58397985
-16.875,45.18142033,3.2905858,0.046646737,5.4435797,73.98597513
-106.875,66.15016222,4.356206,0.028783929,-4.275162,100.2962941
-106.875,51.49410969,4.306711,0.02633498,-0.8691097,79.22975041
-73.125,51.31808567,3.457464,0.04304466,-0.6930857,86.7205145
-61.875,89.24697542,3.0608873,0.0383198,-4.8719754,79.91995469
-95.625,62.21471724,3.7625682,0.03551405,-0.33971724,95.97996973
-140.625,57.86141872,4.374464,0.026217526,-7.2364187,102.0480327
