174.375,82.3732717,4.664061,0.032159638,2.0017283,68.78254577
-16.875,56.82376432,4.5384502,0.026126193,-6.1987643,97.51020531
84.375,55.17633533,3.860548,0.034814864,-4.5513353,70.09377134
151.875,56.25378084,3.5688314,0.041613936,5.621219,68.73376456
129.375,50.87422587,4.03883,0.035850596,-0.24922587,81.02334443
174.375,55.81939459,4.59028,0.035599925,6.0556054,82.42600573
61.875,61.49569049,4.0485272,0.03255935,0.3793095,65.33665386
-5.625,55.98425531,2.8805852,0.04152311,-5.3592553,68.55982013
174.375,45.28094912,3.3009894,0.039406743,-5.905949,90.46451001
129.375,50.3493503,2.9267259,0.047574114,0.2756497,76.21638706
-5.625,61.06760716,3.4247794,0.03994032,0.80739284,78.25103211
-5.625,60.82794988,3.7814124,0.034962114,1.0470501,75.7579311
129.375,52.88842654,3.0531938,0.040543713,-2.2634265,79.53171307
16.875,64.05894041,3.9063985,0.0366604,-2.1839404,88.94818069
-28.125,34.02364445,3.2546632,0.043176,5.3513556,80.93923065
61.875,66.32888985,4.6542788,0.027866757,6.79611,69.77717158
84.375,46.63577843,3.3730192,0.036176488,3.9892216,67.0518578
95.625,60.46088719,4.075042,0.03253435,1.4141128,95.00390837
5.625,45.69459295,2.3953161,0.047933597,4.930407,81.82744894
-5.625,63.98613429,3.73278,0.04309867,-2.1111343,75.74358088
5.625,46.35234404,3.2916625,0.03667519,-6.977344,84.81074579
-5.625,44.94370794,3.3864367,0.03758313,5.681292,76.02329078
174.375,55.12227774,3.1985786,0.038583335,6.7527223,56.02367044
61.875,80.3820982,5.2872677,0.026105283,-7.257098,97.26360816
95.625,62.241779,4.0068355,0.029058281,-0.366779,82.72232666
95.625,63.93047071,4.3401985,0.03261626,-2.0554707,73.44179347
50.625,45.75732422,2.6464856,0.03759203,-6.382324,109.0861055
39.375,47.8859663,3.828641,0.036974914,-8.510966,73.23886172
95.625,46.69531822,3.680571,0.036881424,3.9296818,70.09476172
28.125,55.81642628,4.498411,0.0321823,-5.1914263,79.44879458
-28.125,46.16397476,3.367563,0.039238963,4.461025,81.68142632
-118.125,57.75907183,5.1195683,0.021808598,4.115928,67.66594645
-174.375,53.5712626,3.2020938,0.042091433,-2.9462626,66.50372829
-50.625,60.94465709,3.9198868,0.03885398,0.9303429,61.24961893
84.375,63.72770345,6.7705474,0.011109432,-1.8527035,70.13628244
-163.125,46.6285615,3.4685194,0.037384287,3.9964385,80.62274017
118.125,51.58821142,4.011052,0.037666395,-0.9632114,67.82151084
163.125,38.14758778,2.659189,0.0444318,1.2274122,76.82057877
151.875,38.80578268,2.3658412,0.0471933,0.5692173,67.09592618
174.375,75.75275421,4.301535,0.029491777,8.622246,82.38001124
73.125,59.92836893,4.5335484,0.031260833,1.9466311,69.05347206
163.125,71.49485636,5.292746,0.028507818,1.6301436,59.44385352
106.875,54.0844698,3.5610344,0.038312126,7.79053,80.66875515
61.875,64.35269213,5.383976,0.020853026,-2.4776921,71.84191728
106.875,70.04115391,5.484029,0.022656323,-8.166154,75.39026202
84.375,48.4740963,4.134945,0.03193393,2.1509037,85.2267248
-140.625,42.51484323,3.189586,0.03918553,-3.1398432,73.07324329
129.375,68.99607992,4.566889,0.030313086,-7.12108,83.80694021
129.375,56.19423103,3.7688153,0.037646215,-5.569231,98.53575821
95.625,57.17346239,4.4171553,0.028722273,4.7015376,74.23435496
-5.625,58.61854124,4.3005667,0.0373657,3.2564588,74.73096435
16.875,40.03543937,3.0292666,0.039452843,-0.6604394,77.48818878
-16.875,41.4493525,2.9395704,0.043615595,-2.0743525,84.08628812
-5.625,46.96378517,2.7983806,0.042532243,-7.588785,98.80808468
39.375,57.05976057,3.5571058,0.033405293,4.8152394,83.04510091
73.125,69.14971685,5.0402207,0.023229914,-7.274717,74.06415347
-118.125,58.74383402,5.6276264,0.020879392,3.131166,68.15411373
50.625,64.64236927,4.8094635,0.0333537,8.482631,70.5482248
61.875,48.64847016,2.9688852,0.044584464,1.9765298,91.07034096
-163.125,70.56622863,6.3536997,0.018812431,2.5587714,76.95331666
151.875,58.11061692,3.6328204,0.042377118,3.764383,74.29076549
84.375,52.04017532,3.8668766,0.029222757,-1.4151753,76.25097514
84.375,64.59710193,4.2466416,0.030659597,-2.722102,70.86117041
-129.375,55.83615446,4.3192825,0.032070488,6.0388455,72.31244901
-73.125,52.23320961,3.5500426,0.040184073,-1.6082096,67.25571162
140.625,50.64587439,3.4738932,0.035334308,-0.020874394,73.04557419
163.125,45.1444931,3.4974377,0.03760117,5.480507,89.67266569
84.375,83.82040316,3.2655134,0.03731678,0.55459684,79.57858866
-163.125,44.80930424,3.7469876,0.03448525,-5.434304,67.58076716
163.125,45.71951008,3.8251772,0.040424485,4.90549,75.25320744
106.875,68.34936666,4.6232524,0.025999641,-6.4743667,97.11436853
-129.375,36.88824105,2.3643484,0.045927886,2.486759,75.68520325
-5.625,45.17830515,2.9113731,0.044830695,5.446695,65.65754298
-28.125,47.57317638,3.777306,0.032889854,-8.198176,89.6950209
-174.375,38.83259648,4.4143386,0.024184221,0.5424035,76.15833728
-140.625,39.91132689,3.3559918,0.038206927,-0.5363269,66.32949699
-163.125,43.80859232,3.6345692,0.037980877,6.8164077,65.83319496
-16.875,47.03077507,3.1639953,0.03622768,-7.655775,72.49490385
61.875,85.76620829,4.270893,0.03254696,-1.3912083,90.13228961
-163.125,44.3053689,3.6422517,0.03980131,-4.930369,76.48716308
84.375,53.85053301,5.0048385,0.022173034,-3.225533,80.18355218
5.625,45.49498606,2.3941247,0.045277536,5.130014,96.61614721
-140.625,51.75513482,3.6784995,0.038895,-1.1301348,67.82386042
163.125,49.25596941,3.2080016,0.041381706,1.3690306,74.48698316
-151.875,34.46029377,4.033745,0.03142708,-6.335294,78.7370069
-129.375,45.34007597,2.627179,0.05103404,5.284924,84.59108691
118.125,47.20918155,2.4604664,0.046238,3.4158185,76.46356478
151.875,33.44595194,1.9210031,0.04972413,5.929048,77.44510394
95.625,54.40465164,3.846534,0.028264504,-3.7796516,60.80809501
118.125,41.50990295,2.8576694,0.04541117,-2.134903,73.4964623
163.125,62.08915743,3.7640858,0.045058213,-0.21415743,80.51357326
-5.625,49.20129132,4.2583175,0.030709932,1.4237087,74.34507232
-28.125,49.90038979,3.6461072,0.04027612,0.7246102,98.13806362
151.875,67.95969009,4.6399965,0.028159969,5.16531,77.88782314
-28.125,37.77342212,2.6331139,0.048311923,1.6015779,90.28248547
5.625,45.84898329,3.2910078,0.036846787,-6.4739833,80.23509961
-151.875,56.24443102,4.857216,0.025956042,5.630569,65.67431793
84.375,47.21587062,2.7151964,0.045101527,3.4091294,75.82345311
28.125,33.6344676,2.4384975,0.0523015,5.7405324,77.19326121
163.125,56.76594162,3.7036242,0.037592657,5.1090584,72.38786113
84.375,75.52541995,3.9692144,0.0359587,-2.40042,87.68849573
-5.625,48.28811741,3.800213,0.03293025,-8.913117,90.21026305
129.375,79.87759972,4.4151917,0.030936442,-6.7525997,84.15648197
151.875,37.61461806,3.100327,0.03781509,1.7603819,92.31893369
-5.625,48.67364919,3.074788,0.04146692,1.9513508,80.38975559
39.375,44.6718173,3.358597,0.03816321,-5.2968173,99.34226695
-140.625,72.35391378,4.4804425,0.033645917,0.7710862,82.16256534
-5.625,52.5346849,3.70694,0.038168404,-1.9096849,79.16601791
-163.125,42.88320136,4.029645,0.032412536,-3.5082014,68.7126866
-16.875,53.71839428,3.146569,0.04032633,-3.0933943,78.94636586
-5.625,44.96115398,3.9631202,0.034113053,-5.586154,76.39943613
-16.875,49.25848198,4.347003,0.032239657,-9.883482,76.64693487
73.125,59.54048824,5.6106267,0.022358857,2.3345118,69.67393327
174.375,43.86912107,2.2828908,0.041148216,-4.494121,64.77505522
5.625,54.313483,3.7293131,0.04002663,-3.688483,76.19912034
174.375,70.30926919,3.598172,0.041042097,2.8157308,65.4024081
174.375,66.82924843,4.518007,0.03386691,6.2957516,63.72938058
129.375,46.45384121,3.1597888,0.04000651,4.171159,76.63189479
16.875,48.79153299,2.9567227,0.04500637,1.833467,69.24537305
-95.625,52.47276211,5.112255,0.023004662,9.402238,74.65295676
163.125,46.22733164,2.8174944,0.044522785,4.3976684,70.34245853
95.625,55.836514,2.8055913,0.039147723,-5.211514,92.09253341
151.875,45.77554846,3.1934125,0.042479947,4.8494515,65.52576814
118.125,40.01721692,4.1610475,0.03805357,-0.6422169,63.9183241
163.125,79.35474539,4.0396214,0.036884587,-6.2297454,94.16371314
-163.125,54.850317,4.560617,0.029848699,7.024683,75.55329864
163.125,71.16090333,3.886473,0.04124013,1.9640967,80.08391338
163.125,50.19399253,2.518827,0.046038166,0.43100747,72.85932176
-140.625,67.45599651,3.8460338,0.037309673,5.6690035,84.72135911
73.125,47.44490671,2.8146293,0.043864217,3.1800933,85.88333821
151.875,47.25363207,3.9362779,0.03487559,3.371368,81.31335426
-84.375,77.09151268,3.914048,0.03585644,7.2834873,79.5614927
-129.375,59.15616846,5.0393996,0.021028347,2.7188315,77.90653103
16.875,64.28967953,4.7029715,0.024225738,-2.4146795,83.14313462
151.875,44.73686171,3.268888,0.03791514,5.8881383,76.32496658
-174.375,36.46373534,2.4566371,0.04433069,2.9112647,75.24327635
-151.875,57.35677719,3.8893826,0.041396275,-6.731777,71.09459213
95.625,63.49934328,4.4974446,0.028910382,-1.6243433,75.96565082
-16.875,42.06062651,2.713901,0.040066935,-2.6856265,78.96186356
73.125,44.97019577,3.7622058,0.034861293,5.654804,71.6678499
129.375,55.40701199,4.7246842,0.028569514,6.467988,73.22206628
163.125,56.58943701,3.3794985,0.042046115,5.285563,82.69616021
5.625,41.22465611,2.7118976,0.04251186,9.400344,79.88378883
163.125,45.81885386,2.9134257,0.043140616,4.806146,77.83825646
5.625,65.74266958,4.252277,0.025790334,-3.8676696,77.92908432
-163.125,56.82182169,4.2183285,0.029629834,-6.1968217,74.55924656
106.875,46.1551342,3.5548053,0.031944383,-6.780134,86.07065615
-5.625,44.71869802,2.8522966,0.043831486,5.906302,81.78223308
-39.375,42.4490962,3.348018,0.041963458,-3.0740962,77.2845057
73.125,60.41035628,5.4570985,0.021956304,1.4646437,69.89796348
-163.125,89.33176136,4.369839,0.03202381,-4.9567614,78.26581947
-5.625,54.39545298,4.261436,0.031726204,-3.770453,83.67176394
16.875,41.45552611,3.0581055,0.04546305,-2.080526,83.65670337
-16.875,55.37323856,3.9899602,0.034168202,-4.7482386,63.38346565
140.625,62.24367449,3.5669065,0.042291977,-0.3686745,88.54310949
-95.625,55.15623188,3.7440112,0.030329239,-4.531232,88.48059277
28.125,44.84785032,4.8325624,0.026841905,5.7771497,75.17373136
50.625,54.56491613,4.207276,0.03366122,7.310084,81.70767474
95.625,57.47500467,3.6784444,0.030863615,-6.8500047,81.99237068
61.875,44.02475882,3.4963815,0.039612375,6.600241,84.86475893
-39.375,44.92195511,3.3201175,0.032632273,-5.546955,66.99306353
-163.125,56.3558569,4.615127,0.024067469,-5.730857,65.93241028
163.125,60.29524469,3.6434665,0.041127354,1.5797553,82.61134292
-5.625,42.59503365,3.9699092,0.031349424,8.029966,67.91983141
84.375,43.95610094,4.5797396,0.025402004,-4.581101,96.3092873
-16.875,59.94270909,2.8927019,0.047278825,1.9322909,78.8680031
5.625,45.77125597,2.4477084,0.051038086,4.853744,75.21198725
106.875,80.02523756,3.748642,0.03230222,-6.9002376,77.88104077
-16.875,57.54067087,2.9825795,0.044593617,4.334329,80.49685295
-151.875,64.56471705,3.6541529,0.037622143,-2.689717,88.25316796
84.375,56.22131681,4.6528106,0.02675116,-5.596317,76.96552904
-163.125,57.61669111,4.3035016,0.027116347,-6.991691,69.91826963
163.125,56.10522366,4.2664266,0.037708342,5.7697763,86.72373151
50.625,46.13258791,3.8645344,0.029908253,-6.757588,96.08165758
5.625,45.74772787,3.1855516,0.042577162,4.877272,83.10983061
-28.125,40.32369608,2.7097437,0.04286057,-0.9486961,73.31945112
95.625,52.60968113,3.2688603,0.037928104,-1.9846811,70.35266966
-118.125,62.26261151,6.4189878,0.016629174,-0.3876115,83.93486282
151.875,70.22677088,4.9580846,0.028571166,2.8982291,75.31737024
95.625,49.88609177,3.5291233,0.035875715,0.73890823,58.62362293
-118.125,48.47064471,2.9904969,0.044649843,2.1543553,71.01366805
163.125,32.27834225,3.46161,0.033867013,-4.1533422,73.7351296
-163.125,56.99139833,5.336965,0.03230561,4.8836017,84.89276953
95.625,66.10725451,5.708558,0.015447947,-4.2322545,87.05731112
-16.875,42.17458248,3.4681041,0.032004017,-2.7995825,92.16006349
28.125,39.5507784,3.579689,0.037419733,-0.1757784,76.31706405
-163.125,44.32023335,2.7878208,0.044798534,6.3047667,76.19894959
-50.625,64.20692825,2.6478093,0.052116483,-2.3319283,74.30533428
16.875,60.29709065,4.8119745,0.028278582,1.5779094,80.56680775
118.125,48.40035677,3.4220212,0.037068643,2.2246432,86.03337697
73.125,45.52367592,3.5650482,0.038939446,5.101324,76.88310915
-61.875,56.80295467,3.448911,0.04062077,5.0720453,83.82965059
-106.875,87.88199663,3.5748196,0.03475178,-7.7430034,65.20874491
129.375,37.10250521,2.5743008,0.044180315,2.2724948,84.71833333
-174.375,48.20910025,2.5594387,0.044345256,2.4158998,82.3352052
-5.625,55.5594883,4.054222,0.033501558,-4.9344883,84.60527321
118.125,60.93293571,4.6787314,0.025477253,0.9420643,81.85095162
-163.125,78.42714024,3.828126,0.03504343,5.94786,84.30632266
-5.625,53.1496284,4.338822,0.029786197,-2.5246284,74.30431658
73.125,53.08119988,3.6905265,0.03639014,-2.4562,79.51516352
163.125,47.25500584,3.9000132,0.033748385,3.3699942,65.35651605
163.125,67.0130744,4.1104555,0.034223776,-5.1380744,66.54854116
28.125,40.73277497,3.4203837,0.035223287,-1.357775,79.94567718
84.375,56.55364084,3.8655663,0.03225457,-5.928641,76.98568493
-151.875,54.68402481,5.498925,0.02117354,7.190975,85.18150895
84.375,64.94550467,4.028863,0.032122094,-3.0705047,74.1414234
-61.875,28.66671824,3.2118468,0.040361796,-0.54171824,84.17149473
174.375,47.04899859,2.8837776,0.045450997,3.5760014,93.74265247
-5.625,62.87321919,4.8535924,0.027192371,-0.9982192,76.62001026
5.625,42.93100119,3.2932074,0.040767413,7.693999,74.79143885
163.125,42.29594755,3.8498328,0.03764854,-2.9209476,87.15593222
-16.875,51.48867458,3.0519812,0.04580553,-0.8636746,88.20334173
-28.125,39.73059717,2.2632277,0.043364596,-0.35559717,90.14755508
151.875,46.67684603,4.422593,0.031109316,3.948154,73.56740747
73.125,54.02180481,6.166438,0.017571103,7.853195,73.32211489
151.875,33.86527967,1.8351341,0.054454315,5.5097203,81.80064044
-118.125,60.9280656,3.9436016,0.034589592,0.9469344,68.8257877
84.375,58.74701881,4.5245895,0.029698722,3.1279812,71.40926577
-140.625,68.27802086,3.427367,0.042889208,4.846979,70.97618397
-5.625,38.88749349,1.6474423,0.04877274,0.4875065,89.22587569
-28.125,36.68702888,3.3114445,0.0435001,2.687971,79.8633051
-28.125,69.69662046,3.594947,0.038964983,-7.8216205,83.24714474
129.375,44.09724665,3.94445,0.03745084,-4.7222466,79.03642874
-50.625,49.7439667,2.953441,0.04394254,0.8810333,83.5936334
5.625,53.93946171,3.065167,0.041483745,-3.3144617,74.83633368
106.875,48.72018123,4.625747,0.03145527,1.9048188,69.7265189
-151.875,53.23390865,5.2388587,0.023284364,8.641091,83.36895433
140.625,65.05843043,3.9065588,0.038036037,-3.1834304,87.68669939
-163.125,68.67287397,5.3067584,0.022037188,4.452126,70.25626837
84.375,55.21851301,4.485822,0.023503998,-4.593513,89.09975625
-16.875,53.69564772,4.221274,0.03739182,-3.0706477,72.32169025
28.125,44.028615,3.6983654,0.03513544,-4.653615,75.70227189
-118.125,51.42258483,4.066444,0.02999125,-0.79758483,83.91598418
151.875,37.94495869,2.7696784,0.039932754,1.4300413,82.80409769
129.375,80.09886837,4.9973116,0.02420644,4.2761316,65.66567774
129.375,55.86053944,3.1843364,0.034507737,-5.2355394,83.73001862
-163.125,47.43515754,4.276027,0.028226256,3.1898425,76.77508287
129.375,59.13990784,3.6339827,0.034176268,-8.514908,69.59788594
84.375,51.81135941,5.752303,0.019739514,10.063641,66.30744914
-140.625,48.52982211,3.696795,0.0335765,2.095178,80.05728247
-151.875,59.22737336,4.662392,0.029750155,2.6476266,76.30892246
163.125,41.81300354,2.1345425,0.05114929,8.811996,78.06085916
84.375,57.8462534,4.097544,0.032343827,4.0287466,69.19280792
84.375,57.35160494,4.0282636,0.03030105,4.523395,71.15428115
-5.625,45.52377939,4.1430593,0.03437504,5.1012206,77.62750414
-5.625,43.16628885,2.9456246,0.04161672,7.458711,73.05817589
-28.125,46.89713526,2.7059014,0.043316778,-7.5221353,83.80797157
95.625,76.95751119,4.2171516,0.025028346,-3.8325112,71.75032444
-106.875,49.79029697,3.5355666,0.036059998,0.834703,73.3160087
95.625,52.80190206,4.2497916,0.027933413,-2.176902,76.96212761
-163.125,46.85841537,4.575371,0.031878956,3.7665846,64.48252505
-61.875,58.95578742,4.8704867,0.031506386,2.9192126,89.56498093
-5.625,54.22074032,4.8595448,0.03210826,7.6542597,90.14657836
95.625,67.07624674,4.111092,0.031963654,-5.2012467,72.29286002
95.625,78.31971025,5.2286124,0.019991292,-5.1947103,59.33629853
140.625,53.33113074,3.5431812,0.03880827,-2.7061307,97.46687459
-16.875,43.97609758,3.4155264,0.03985403,-4.6010976,90.53341296
84.375,58.19259214,4.6382327,0.030182952,3.6824079,69.97256963
61.875,79.63103867,3.9690926,0.034476712,4.7439613,71.47701442
-106.875,46.46010208,2.9902217,0.041390806,4.164898,88.08752222
-5.625,43.57719135,4.3036375,0.024078935,-4.2021914,79.73174882
84.375,58.83126092,5.6303067,0.016504137,3.043739,84.867129
118.125,66.32462311,5.059093,0.02965997,-4.449623,66.42436149
106.875,77.05106401,4.351586,0.028531225,-3.926064,80.69438885
-106.875,33.1966753,2.7110806,0.04234872,6.1783247,80.60390934
174.375,57.35660982,3.595084,0.034002244,-6.73161,76.50560459
151.875,36.87023568,3.123093,0.04098998,2.5047643,79.43863126
163.125,65.07621479,4.102799,0.033016264,8.048785,66.79487876
-95.625,35.02671194,2.2791421,0.04538277,4.348288,91.85772517
-28.125,48.81359577,3.6225996,0.029942285,-9.438596,80.91250412
151.875,44.74806833,4.1161633,0.037620332,5.8769317,78.83624272
84.375,59.97124708,4.5124598,0.02511163,1.9037529,73.14399722
-28.125,40.86671495,2.936837,0.04212997,-1.491715,84.840341
151.875,39.05242115,1.9826727,0.05247081,0.32257885,73.29206889
140.625,39.09611291,3.5549564,0.033614952,0.2788871,76.63134837
73.125,76.71028328,4.449795,0.0323686,-3.5852833,82.77908553
5.625,35.03885841,3.2657971,0.034576803,4.3361416,78.94948726
84.375,64.80060577,5.362781,0.022689804,-2.9256058,80.06385311
163.125,66.43167782,3.8264818,0.037816316,6.693322,71.09138194
95.625,53.81093502,3.3935254,0.037009556,-3.185935,75.42642787
84.375,59.41283154,4.537161,0.025522487,2.4621685,72.964896
-61.875,87.43814754,3.345769,0.036378495,-8.186852,73.13725582
61.875,53.74045658,4.3036585,0.027202683,-3.1154566,92.96261755
-5.625,53.30345941,3.0365424,0.042038236,-2.6784594,81.21619482
106.875,37.74181437,3.2131023,0.037493158,1.6331856,69.11854327
61.875,42.50369334,3.0526645,0.04340261,-3.1286933,91.65823583
84.375,63.7437185,5.918833,0.018920306,-1.8687185,84.21207971
50.625,47.56509233,3.729679,0.03664231,3.0599077,86.10644634
84.375,55.72612762,4.4446325,0.026623586,-5.1011276,71.10412024
84.375,59.83864474,4.406351,0.026850237,2.0363553,74.48249573
-163.125,56.36109781,4.031208,0.035738856,5.513902,80.56972424
151.875,38.52888745,1.9940468,0.049068116,0.84611255,87.32090861
95.625,58.30259657,3.7719355,0.034836613,-7.6775966,72.81917391
163.125,46.44975567,2.5302975,0.04075397,-7.0747557,79.49549941
106.875,57.21034527,4.3669505,0.028379843,-6.5853453,97.11121298
-140.625,60.87383544,5.5797715,0.025623009,1.0011646,75.02290713
106.875,75.64001441,4.447007,0.028533878,-2.5150144,75.25039341
-151.875,36.54053307,2.0492818,0.045231707,2.834467,77.12870909
73.125,65.97994184,4.3484945,0.03245575,7.145058,70.23004727
-28.125,43.77559137,3.6415358,0.033611137,-4.4005914,82.90074486
84.375,58.2489748,3.9597654,0.032037705,3.6260252,75.80905507
129.375,55.82293129,3.6384575,0.034240354,-5.1979313,81.88604513
-163.125,40.61584032,3.4216616,0.037907768,-1.2408403,73.87898704
-129.375,55.96697521,3.3426158,0.046046533,5.908025,72.21840413
-16.875,52.77173805,3.987613,0.033158187,-2.146738,69.81445758
129.375,38.60605615,2.7095053,0.044628885,0.76894385,96.83954903
84.375,49.08892822,3.8578343,0.036509354,1.5360718,58.53343028
95.625,59.43612218,3.7225895,0.03298947,2.4388778,71.15539447
5.625,48.04792356,3.004544,0.04761721,2.5770764,90.55359617
-5.625,47.39605117,3.405196,0.045146946,3.2289488,89.14198048
129.375,48.34779859,3.0841146,0.041780107,2.2772014,95.22580073
-5.625,60.80052519,4.067347,0.02886724,1.0744748,88.60165105
5.625,37.25490284,3.1682384,0.037349075,2.1200972,74.84674289
50.625,53.22445226,3.043217,0.045835655,-2.5994523,92.08782741
-5.625,43.82629347,3.7976024,0.03586911,6.7987065,77.03983467
-151.875,67.22467804,3.3961105,0.03870695,5.900322,61.15502081
-39.375,44.11997509,3.78021,0.03350908,-4.744975,75.00622097
151.875,58.72462726,4.1132846,0.02923533,3.1503727,74.0451997
129.375,41.39360452,3.0638554,0.047927562,-2.0186045,83.15791514
-106.875,57.48504114,3.4551425,0.04313697,4.389959,64.35191817
-39.375,42.53280354,2.5957057,0.04883204,8.092196,89.25198751
84.375,56.45588827,2.7911866,0.036347102,-5.8308883,86.38472874
-50.625,42.20862842,4.209321,0.040272098,-2.8336284,74.5885754
50.625,47.92293262,3.6227748,0.03787269,-8.547933,80.08630394
-5.625,54.04628658,4.1841817,0.031863287,-3.4212866,67.66612403
-151.875,44.58952904,4.1329207,0.031631697,6.035471,79.7285318
-95.625,58.72464561,4.3558273,0.025014734,-8.099646,74.96282195
5.625,46.0548172,3.120297,0.04384857,4.570183,79.9072437
118.125,70.77527905,4.8384423,0.026632048,2.349721,77.81071714
118.125,52.94694161,3.4012032,0.03889233,-2.3219416,80.47434748
163.125,74.35019684,3.5626934,0.036591254,10.024803,70.70139863
-61.875,42.20612073,3.9659758,0.033907536,-2.8311207,73.19673311
174.375,68.48897362,3.9449482,0.03796762,4.6360264,80.47304291
-5.625,37.76524556,1.8982673,0.04727528,1.6097544,73.33572746
39.375,81.1229682,4.3973117,0.028599946,3.2520318,70.90930959
106.875,62.86882406,4.095777,0.03379777,-0.99382406,86.11064007
95.625,55.34802294,4.44928,0.020044303,-4.723023,84.64931427
-163.125,46.77571106,2.9815435,0.043435466,3.849289,54.34578324
50.625,44.16754675,3.2416523,0.033837363,-4.7925467,78.57817768
50.625,34.64398193,2.9680233,0.037902184,-6.518982,104.0051005
151.875,42.54992867,3.2497046,0.043070603,8.075071,77.99312417
73.125,49.79298365,4.016266,0.03266525,0.83201635,83.83460931
174.375,66.86205101,4.4004073,0.029188778,6.262949,70.56662533
-61.875,34.62381506,4.189909,0.02875504,-6.498815,82.87471501
-163.125,83.25722241,3.454801,0.039164178,1.1177776,74.61538389
106.875,65.87294507,4.5046935,0.026715849,-3.997945,91.17733587
84.375,53.46186233,4.5064588,0.028287599,-2.8368623,72.0339617
84.375,61.52250463,5.0678062,0.026331127,0.35249537,74.79910915
-5.625,47.05596137,3.0925932,0.045132898,3.5690386,88.95473767
151.875,57.59613752,4.0192533,0.032582458,-6.9711375,88.61602176
61.875,62.55349118,4.96961,0.021363193,-0.6784912,89.82695966
50.625,50.59866775,2.7611516,0.0435013,0.02633225,87.98816345
61.875,63.34191835,4.84073,0.028048236,-1.4669183,79.54275749
61.875,53.78895569,6.070153,0.013562365,8.086044,81.30801988
-151.875,49.79997134,4.7360682,0.028534068,0.82502866,71.56716609
-95.625,48.55807114,4.345411,0.027045378,2.0669289,80.13547447
73.125,39.93290532,3.116789,0.036390685,-0.5579053,89.44900431
28.125,44.67164421,4.084384,0.031971768,-5.296644,92.85318426
84.375,52.79290366,4.014383,0.030727044,-2.1679037,78.6790869
-163.125,55.32891035,6.331962,0.018608434,6.5460896,70.13073632
163.125,43.66827202,2.899329,0.04062615,6.956728,88.77416113
-16.875,48.55054116,3.5496526,0.0373029,2.0744588,68.49388149
-16.875,77.41018629,5.3246684,0.024071982,-4.2851863,71.88384781
106.875,66.78946924,4.738546,0.026730476,-4.9144692,76.51731837
-39.375,47.23424339,3.804262,0.033709332,3.3907566,75.75074574
-50.625,65.91127014,4.1926074,0.03456541,-4.03627,87.96239315
-61.875,46.50341988,3.1867056,0.038436063,-7.12842,74.13984563
16.875,36.35965705,3.1361837,0.040944424,3.015343,88.56717225
73.125,72.59758204,4.2132087,0.030234154,0.52741796,63.24455326
163.125,43.31053734,2.8148546,0.0432266,7.3144627,74.01858928
84.375,57.62492371,3.5826945,0.030406661,-6.9999237,87.1442526
84.375,54.73476982,4.817784,0.024632707,-4.10977,85.00287218
-106.875,61.90638551,4.7713327,0.02854699,-0.031385507,77.96276398
16.875,77.3433156,3.851883,0.039520383,7.0316844,72.27174791
-5.625,49.7176199,3.1611893,0.035712667,-10.34262,94.69329869
84.375,56.91441965,4.266721,0.027002558,-6.2894197,94.88526116
-28.125,45.51840162,3.4291945,0.032813404,-6.1434016,90.98192416
129.375,54.31966805,4.1211667,0.033474322,-3.694668,85.32040768
39.375,47.53909492,3.0241427,0.037657455,-8.164095,79.33436842
84.375,69.20445228,4.8886433,0.027817627,3.9205477,63.74734398
-5.625,47.5049181,4.597623,0.025373608,-8.129918,91.01641662
151.875,46.35759068,3.4742308,0.036564812,4.2674093,78.09181357
28.125,68.0132165,5.5487905,0.020834897,-6.1382165,89.45785624
-5.625,56.9673667,3.1301057,0.04188473,-6.3423667,90.58922243
5.625,44.3207202,3.943087,0.032745384,6.30428,69.38757759
84.375,58.81574202,5.414525,0.01918453,3.059258,66.33607446
95.625,54.66157389,4.0590425,0.029399665,-4.036574,83.06608325
-16.875,45.41906404,4.6745725,0.02505259,5.205936,74.38257006
50.625,72.3850888,5.6045313,0.021795651,0.7399112,66.00658614
95.625,59.70670581,4.501844,0.029132726,2.1682942,69.82695
-151.875,64.05155301,3.4748275,0.04178335,-2.176553,90.48071805
-5.625,46.72376037,2.8979635,0.045279928,3.9012396,79.17399558
-106.875,87.22639751,3.9523137,0.031350307,-8.3986025,73.11113718
-16.875,37.79020262,2.7202227,0.045156527,1.5847974,95.73429465
174.375,43.86657429,3.1419184,0.04253778,6.7584257,70.26594675
174.375,55.06712294,3.5471952,0.035518408,6.807877,64.34284085
-140.625,60.75867653,5.871819,0.01985405,1.1163235,75.90049764
-140.625,61.00824106,4.0397987,0.033329096,0.86675894,68.06801236
-5.625,52.27880394,2.4296463,0.048446912,-1.653804,86.59281728
140.625,49.06695032,3.9485624,0.035141654,1.5580497,85.88385047
84.375,52.14755368,4.213617,0.032386746,-1.5225537,79.80244811
61.875,83.94196343,4.191033,0.030649547,0.43303657,82.08575303
-118.125,70.16546082,5.4588194,0.02386003,2.9595392,70.94423234
5.625,69.99439979,4.5257354,0.025273245,3.1306002,76.88699552
73.125,48.00969553,2.8258457,0.043535136,2.6153045,83.46821747
163.125,46.89925575,3.932474,0.037974667,3.7257442,78.35497393
-16.875,49.09498787,3.4894323,0.038394842,-9.719988,85.8340379
84.375,50.67341511,3.7736464,0.032383226,-0.048415113,77.27845416
-5.625,54.0107379,3.076111,0.040027674,-3.385738,61.23129353
-5.625,59.35010815,3.8061607,0.039579816,2.5248919,68.39661959
95.625,59.57300305,5.6823535,0.016641129,2.301997,65.20547325
163.125,58.88491726,4.313173,0.033585858,2.9900827,76.39480526
84.375,55.31404781,3.7579746,0.033695307,-4.689048,72.12687277
-5.625,56.99433374,4.2920213,0.02900875,-6.3693337,92.60985877
163.125,63.77818048,4.2442427,0.033176284,-1.9031805,91.49666771
5.625,43.73417902,2.4871283,0.047901027,6.890821,88.52241402
84.375,48.1487782,3.282267,0.040044267,2.4762218,83.67914054
95.625,56.17194223,4.712338,0.025481965,-5.546942,92.86310169
50.625,64.81966996,4.5638027,0.031279482,-2.94467,67.32130193
61.875,87.87328053,4.0274854,0.032983206,-3.4982805,93.64987801
95.625,67.75424719,3.4632342,0.03560874,-5.879247,72.55147148
50.625,44.00226879,4.109469,0.031934246,6.622731,82.07931216
73.125,47.91415215,4.267238,0.03156701,2.7108479,61.92004298
73.125,50.43790329,3.5678625,0.037320133,0.18709671,76.49556421
95.625,61.09216708,4.0343275,0.037581615,0.7828329,88.48767568
-163.125,69.07232094,5.0474043,0.025398133,4.052679,79.91827446
84.375,60.65019,4.0188007,0.032116048,1.22481,61.45469536
-5.625,41.89005947,2.8433018,0.04972628,8.734941,70.95371265
5.625,43.93212938,3.164019,0.04198871,6.6928706,67.1666323
50.625,46.99686003,4.1255236,0.031938538,3.62814,79.87987514
-174.375,43.08853245,3.4740913,0.035170354,-3.7135324,89.3502671
163.125,43.55184174,3.680072,0.03864902,7.0731583,64.372559
-5.625,49.7630893,2.5205326,0.05465573,0.8619107,94.23012307
84.375,57.6021781,3.5486832,0.030902468,-6.977178,76.87009764
-50.625,45.93785143,4.116872,0.03322806,-6.5628514,61.80629984
16.875,48.06194115,3.2952056,0.043573946,2.5630589,77.05722433
-39.375,45.901896,3.7223587,0.041896015,4.723104,66.69819743
151.875,53.77681589,2.930072,0.044186085,-3.151816,63.50848543
163.125,36.83007526,2.7714398,0.04022934,-8.705075,91.9386834
129.375,52.79830933,3.7282586,0.04196807,9.076691,61.40613271
-50.625,60.60792601,3.6073885,0.0417291,1.267074,76.21193378
140.625,56.17403841,3.4820507,0.03878201,-5.5490384,100.3314013
163.125,44.85513973,4.134848,0.034626234,5.7698603,75.12402125
95.625,51.61647421,3.395642,0.04017577,-0.9914742,63.24733998
163.125,56.33526754,4.2676964,0.03181845,5.5397325,71.69501357
174.375,62.05327988,3.6111023,0.037571806,11.07172,86.31477394
61.875,44.46552944,3.8604789,0.03657507,-5.0905294,67.29020408
174.375,56.83923864,3.7260485,0.03937848,-6.2142386,61.41475241
95.625,66.9070282,5.3521214,0.019648219,-5.032028,80.9606911
-61.875,49.21048725,4.1021194,0.03554886,1.4145128,85.805235
84.375,48.0818212,4.038983,0.036331777,2.5431788,64.61349393
73.125,54.95446205,4.773116,0.0301491,6.920538,83.03642657
39.375,55.25574446,4.906705,0.019113444,-4.6307445,80.88350996
84.375,55.19913149,5.5840383,0.01759524,-4.5741315,80.74695399
-5.625,65.10379601,4.0472064,0.035499513,-3.228796,77.34680386
-28.125,42.34111691,2.8941386,0.045381233,-2.966117,86.61048015
84.375,57.22981119,4.9148345,0.020695575,-6.604811,73.25046621
-140.625,48.64881492,3.1817796,0.036520317,1.9761851,84.5446143
-140.625,47.52772331,3.59349,0.042069245,3.0972767,79.34307691
106.875,49.29367232,2.7412324,0.045145966,1.3313277,68.77817445
151.875,71.62614703,4.7411375,0.028953217,1.498853,64.70409639
-95.625,51.21848106,5.533156,0.020119743,-0.59348106,89.29046196
106.875,46.75487876,4.1385913,0.03018254,3.8701212,71.52817254
129.375,56.39929724,3.9944131,0.036590315,-5.774297,90.01668866
140.625,43.60833549,3.239732,0.04482012,7.0166645,79.2640243
-39.375,45.78215647,4.2790985,0.032094706,-6.4071565,91.73413289
163.125,48.69037998,3.8704305,0.037537314,1.93462,59.24727384
61.875,45.54194689,3.265649,0.039314214,5.083053,79.7585983
-118.125,42.5457325,3.6614919,0.034216173,-3.1707325,79.27729536
-16.875,47.92934275,3.2703354,0.038533997,2.6956573,91.85826475
-163.125,71.29439569,5.433602,0.02462838,1.8306043,66.9662687
95.625,49.1374253,2.9744256,0.03521546,1.4875747,70.94028449
151.875,44.85813665,2.3127372,0.05255041,5.7668633,76.65935898
140.625,58.40145087,3.3844144,0.04057452,3.4735491,76.92852307
140.625,66.75029659,3.5059137,0.03933067,6.3747034,83.88334954
-5.625,47.09214354,3.6855953,0.035270467,3.5328565,68.26750853
-61.875,64.61559391,4.0766435,0.03630175,8.509406,56.61996303
-163.125,42.97315216,2.9804518,0.040998287,-3.5981522,65.15611147
5.625,46.29704571,3.4214482,0.038772754,4.3279543,76.54186607
5.625,46.99680996,4.040505,0.03321527,-7.62181,87.75621706
174.375,44.14957809,2.7004995,0.04788063,6.475422,81.94631472
129.375,35.41348577,1.8294972,0.050743893,3.9615142,89.23049973
73.125,67.87317181,4.686648,0.02151903,-5.998172,76.39208002
140.625,55.69990396,4.27554,0.032517374,-5.074904,99.92087959
-5.625,42.39511824,2.7948494,0.04189556,-3.0201182,77.88517986
106.875,67.75336075,5.0775385,0.025935212,-5.8783607,81.01412367
106.875,49.82244861,4.0640984,0.029726896,0.8025514,65.27187635
5.625,46.06185484,3.4256709,0.03390013,-6.686855,78.4822067
-140.625,63.57444656,4.121232,0.038026605,-1.6994466,67.12505011
84.375,59.85776925,4.219677,0.032136265,2.0172307,70.00401582
-39.375,64.89489079,4.6317286,0.029706098,-3.0198908,77.12655758
61.875,45.82019472,5.022237,0.028235495,4.8048053,80.97095687
-84.375,82.3486371,3.7296228,0.036739774,2.026363,88.47370794
-50.625,48.11179042,2.8976195,0.043741617,2.5132096,72.67800073
-84.375,63.87295377,4.2916975,0.035703614,-1.9979538,77.45140821
-174.375,49.13176703,3.410759,0.042233534,1.493233,77.98496892
-163.125,65.34273005,5.625155,0.021785077,7.78227,77.06321441
-129.375,56.63388824,3.7914705,0.031813275,-6.0088882,71.93371502
106.875,68.93599176,4.092886,0.02814766,-7.060992,74.17248027
95.625,58.37207842,3.1355855,0.040313188,3.5029216,63.4026858
-163.125,56.382514,5.275854,0.025181778,5.492486,60.26344207
151.875,40.68502593,2.7347918,0.036635816,-1.3100259,78.87596027
5.625,51.04816404,2.8061821,0.040866926,-0.42316404,74.61721438
-163.125,56.95544672,3.7766087,0.033785895,-6.3304467,93.03193031
84.375,56.14241552,5.112281,0.021539444,-5.5174155,72.14875669
39.375,43.52333784,3.526158,0.034786433,-4.148338,70.34933653
-129.375,48.01336813,3.3806832,0.043311667,2.6116319,75.6613454
73.125,65.86484551,4.739095,0.024617521,-3.9898455,65.5182481
118.125,60.65109122,5.0321655,0.024837893,1.2239088,72.3657518
84.375,62.36298242,6.2421794,0.015716553,-0.48798242,75.61016679
174.375,78.00904274,3.3569937,0.04071843,6.3659573,92.99376321
-5.625,51.74544585,4.0697465,0.037401922,-1.1204458,84.43139026
163.125,45.97562504,2.8137627,0.046495978,4.649375,72.37185799
-28.125,46.70366192,3.3763554,0.03689376,-7.328662,81.10027285
95.625,52.72004032,4.4840794,0.032430183,-2.0950403,82.29349323
106.875,78.66445398,4.438642,0.029039286,-5.539454,81.98297917
-39.375,18.07632148,2.9125397,0.04413866,-1.2013215,75.07767841
151.875,36.02642679,3.3199735,0.03164272,-7.901427,79.02699624
163.125,70.93803596,4.9051266,0.030594718,2.186964,71.48497159
106.875,49.16183555,3.0020463,0.041833844,1.4631644,80.20093501
174.375,56.78072691,4.0332313,0.03799607,5.094273,72.87204641
174.375,42.26104546,2.3655312,0.044087444,-2.8860455,81.77614056
-151.875,69.30950665,4.1402645,0.034927223,3.8154933,71.76270757
28.125,43.10275745,3.7676384,0.034345374,7.5222425,78.62821565
-28.125,65.2754643,4.070406,0.0358291,-3.4004643,98.56179489
-5.625,53.79460907,3.6026428,0.040896744,8.080391,75.55269075
163.125,44.9755497,2.2596924,0.04752465,5.6494503,81.41140162
50.625,46.70031309,2.7989087,0.040345404,-7.325313,81.25300271
-174.375,55.26822519,2.7044864,0.0523239,-4.643225,79.98406284
84.375,79.93195009,4.349966,0.029744983,4.44305,80.2471549
163.125,75.03972197,4.647145,0.028921407,-1.914722,78.58552014
-5.625,43.28240204,3.092057,0.03925014,7.342598,79.17423463
140.625,69.29441953,4.2267466,0.033002105,3.8305805,88.71963573
16.875,50.38573065,3.6144645,0.04028299,0.23926935,79.90279725
-28.125,33.17592669,3.702285,0.03477068,-5.0509267,82.12878322
-16.875,71.96914566,4.72617,0.032306183,1.1558543,78.07883621
151.875,45.61399269,3.0261235,0.041179545,5.0110073,77.36316216
-16.875,38.89887023,2.6246336,0.044941284,0.47612977,89.22339634
129.375,56.69982481,3.185732,0.039810617,-6.074825,84.36263074
129.375,38.79885638,2.4638882,0.046701152,0.5761436,61.15562187
-174.375,45.54393625,2.5835378,0.044321083,5.0810637,66.93987002
129.375,45.69683647,3.179071,0.03716233,4.9281635,61.94028083
95.625,53.51754665,4.4672046,0.024398625,-2.8925467,69.37938136
84.375,58.43862295,3.3684547,0.03786486,-7.813623,69.03226432
-163.125,41.50164795,3.8275948,0.036224727,9.123352,78.26622928
174.375,54.05078983,2.9330943,0.042616267,7.82421,72.28335923
73.125,67.20542288,4.8314,0.028389428,-5.330423,78.07486104
95.625,57.82522345,4.444831,0.030113658,4.0497766,79.81540498
84.375,66.97036457,5.6720862,0.020838404,-5.0953646,74.85161964
163.125,54.16436148,3.5085306,0.04093925,7.7106385,70.93773683
-16.875,46.70597267,4.5856495,0.027976105,-7.3309727,63.46912988
-61.875,75.6778307,3.7303805,0.03672117,-2.5528307,65.58439166
95.625,57.00678825,4.479595,0.028185152,-6.3817883,78.42248352
-5.625,58.11316395,4.0772758,0.03173333,-7.488164,76.67251392
-39.375,66.68016195,4.235956,0.033489414,-4.805162,77.68649649
95.625,51.92834723,4.678358,0.030121919,-1.3033472,79.60541764
73.125,87.22205281,3.5920596,0.035568103,-2.8470528,85.58138921
-5.625,56.19813871,4.2270703,0.031857498,5.6768613,63.92471033
163.125,37.49239802,3.7549717,0.033564623,1.882602,81.078949
28.125,49.24757063,3.4838932,0.037789106,1.3774294,64.95158146
5.625,46.21763802,4.354813,0.03091424,4.407362,57.58818674
163.125,44.85502911,2.9975164,0.036858074,5.769971,87.95452477
39.375,48.22493529,3.6180687,0.037397087,2.4000647,82.17118504
174.375,51.12786788,3.584958,0.038665105,-0.5028679,58.22681626
-5.625,50.47954337,4.084377,0.03554992,0.14545663,90.87331049
73.125,60.88110965,5.0988464,0.025712408,0.99389035,71.22265817
163.125,57.16034555,3.1230898,0.042029582,-6.5353456,76.80080537
140.625,59.03369331,2.979903,0.04051339,-8.408693,96.56991366
73.125,47.74084425,4.7588286,0.023858922,2.8841558,76.6115135
174.375,47.31570053,2.6725965,0.044575922,3.3092995,80.1838732
106.875,82.01485157,4.377134,0.034776315,-8.889852,73.29889225
39.375,46.73599887,3.5026336,0.041463304,3.8890011,89.86537265
163.125,56.12696028,3.2693577,0.039091006,5.7480397,88.88801356
61.875,44.39321041,3.1000555,0.040740393,6.2317896,88.91779318
118.125,43.29076815,3.0667608,0.03509299,-3.9157681,84.95713724
-174.375,34.25503683,3.5180469,0.039639603,5.119963,75.48580954
95.625,68.03074837,4.147407,0.030346563,-6.1557484,70.44691944
163.125,42.38586998,3.2313647,0.041495472,8.23913,67.08673274
-39.375,36.0970037,2.7630973,0.04881782,3.2779963,65.99910708
118.125,51.01880622,3.0666373,0.04317717,-0.39380622,66.92702243
-5.625,54.25908589,3.2192452,0.03959782,-3.634086,72.1377396
73.125,42.76328588,3.0759108,0.037266836,-3.3882859,76.42434583
84.375,78.93173981,4.35436,0.023914743,-5.80674,83.64412216
163.125,59.97460461,3.0816603,0.041492857,1.9003954,87.85311695
-5.625,45.43071747,3.2037506,0.042899642,5.1942825,83.63479212
-16.875,54.72434521,4.561193,0.029930444,7.150655,77.54479738
84.375,65.59242988,5.502288,0.02142522,-3.7174299,64.54358011
106.875,51.70017028,4.6419253,0.027568284,-1.0751703,76.74414895
118.125,40.19786316,3.122382,0.04153615,-0.82286316,58.86972831
5.625,45.11047745,3.2266219,0.043267492,5.5145226,81.06540473
28.125,78.61087799,4.706964,0.0247557,-5.485878,74.46036592
-5.625,42.12949157,2.8863904,0.036270272,-2.7544916,86.49253644
28.125,45.42630053,3.7825203,0.03863736,-6.0513005,66.81569035
61.875,45.15229225,3.9826064,0.035816,5.4727077,67.70692758
118.125,62.0535367,4.496039,0.03358793,-0.1785367,95.05407611
163.125,43.92151737,2.7544708,0.040127166,6.7034826,91.33412286
151.875,38.34258533,2.3246672,0.049947023,1.0324147,85.76892571
174.375,32.34301996,2.1435628,0.04564246,7.03198,81.21909082
106.875,68.32785988,4.7191443,0.027209416,-6.45286,96.72008219
61.875,62.67176074,5.7690864,0.021467824,-0.79676074,84.63610469
39.375,53.27674484,4.089168,0.030357962,-2.6517448,54.21737227
-140.625,54.64214087,4.7231526,0.029477788,7.232859,59.38708098
-16.875,34.53113317,3.0504801,0.042560402,4.843867,71.71376927
163.125,55.21557045,3.8212912,0.039706964,6.6594296,55.50883127
129.375,52.03677809,4.1450644,0.029845474,-1.4117781,75.70555038
-151.875,46.05902195,3.9735203,0.034826487,4.565978,65.45356621
163.125,52.84610844,2.641921,0.044301327,9.028892,79.93741948
106.875,57.20652723,3.8390574,0.039776284,-6.581527,82.61975088
174.375,54.34518766,3.707837,0.03828247,-3.7201877,66.93461077
129.375,57.0416503,3.989145,0.041687626,-6.4166503,79.62655708
-140.625,36.52162576,2.6785815,0.037603457,2.8533742,73.67182058
151.875,43.87353659,2.8701966,0.044925604,6.7514634,70.74518697
163.125,49.64116478,2.7820587,0.04701133,0.9838352,72.432312
73.125,46.64158726,3.4889014,0.040928505,3.9834127,56.09038431
95.625,70.31957054,6.018915,0.012752314,-8.444571,97.84223446
-16.875,67.79981804,3.538163,0.038669426,5.325182,72.70793062
140.625,49.86988872,4.198636,0.03608913,0.7551113,67.25541793
5.625,45.56937981,3.5427227,0.038759228,5.05562,69.54740402
-61.875,44.51863956,3.561487,0.03470052,-5.1436396,76.60831015
151.875,45.61134815,3.531667,0.04234188,5.013652,84.55167672
5.625,67.80625868,3.1069193,0.04287196,5.3187413,70.9144254
174.375,79.27961016,4.5434346,0.030761207,5.09539,88.40965443
118.125,45.97913551,3.0404031,0.038971364,-6.6041355,52.05716444
-16.875,48.11055732,3.5190663,0.03574928,2.5144427,69.24088562
28.125,54.45520544,3.7543013,0.041381612,7.4197946,63.95645705
61.875,58.64975524,3.41632,0.04051359,3.2252448,71.99808955
-39.375,34.95115566,2.886638,0.047144044,4.4238443,87.83284495
-174.375,56.35250711,3.523737,0.040657602,5.522493,66.35459111
5.625,40.18997431,2.0688386,0.045766283,-0.8149743,86.93175859
106.875,47.91180301,3.0424309,0.04328961,2.713197,75.34438364
-151.875,40.07479089,3.4050345,0.03415376,-0.6997909,76.44751383
-39.375,45.12557745,4.3698745,0.025291888,-5.7505774,85.61647589
-16.875,38.22961414,2.9926355,0.04858256,1.1453859,82.34622912
16.875,64.89601088,4.6782537,0.036084022,-3.0210109,75.64095728
-118.125,54.04813099,3.5361292,0.04036884,7.826869,80.85188619
73.125,55.52069044,3.7940898,0.03593718,-4.8956904,81.33778584
61.875,39.24380586,2.7756872,0.041327905,0.13119414,74.34182115
106.875,57.9914422,4.9248757,0.02329534,3.8835578,60.98416363
-39.375,57.7346797,3.9605389,0.03933474,-7.1096797,81.03468937
151.875,44.89571047,4.07868,0.03466696,5.7292895,56.39167762
-151.875,47.34189129,3.1162198,0.040971745,3.2831087,82.61363103
-5.625,53.81250262,2.9921088,0.042009402,-3.1875026,68.72942056
-140.625,59.81947207,4.5006533,0.026867867,2.055528,75.28571915
129.375,67.80405426,3.8239021,0.037741255,5.3209457,63.46254558
151.875,47.43897963,3.287557,0.04103188,3.1860204,71.17310515
151.875,55.99218655,3.1427383,0.04976965,5.8828135,84.3815572
39.375,49.48351347,4.785112,0.02229436,1.1414865,70.83011354
-50.625,58.98834634,4.3940544,0.0319265,2.8866537,57.53984949
-61.875,57.81870699,3.752743,0.042506933,4.056293,61.55704574
174.375,44.69179392,3.2803288,0.04084969,5.933206,75.07308853
106.875,39.5147631,3.116501,0.046584252,-0.1397631,87.76551295
-163.125,60.037763,3.4928744,0.04021607,1.837237,78.73341422
16.875,64.02369523,4.663174,0.027785901,-2.1486952,70.70262123
-129.375,59.92954028,5.2412496,0.023527104,1.9454597,63.61968091
-140.625,59.2039032,3.83697,0.037830405,2.6710968,85.0726494
118.125,52.30611265,4.3972473,0.028738862,-1.6811126,66.13959724
118.125,37.35790706,3.0089788,0.043383386,2.017093,69.69354957
118.125,88.80659151,3.049714,0.03992812,-4.4315915,74.12907442
174.375,56.27033854,3.3288696,0.043374922,5.6046615,74.05317053
-16.875,48.17019558,2.4899957,0.04316414,-8.795196,90.06998462
-163.125,46.37902451,4.5923862,0.02959487,4.2459755,71.00247337
-28.125,55.32649374,3.8849819,0.032874845,6.5485063,78.58304761
-16.875,50.04414749,3.9226432,0.034142636,-10.6691475,89.2179595
-163.125,56.86643076,5.887512,0.017994318,5.0085692,76.65399045
-95.625,89.88346481,3.5528336,0.0317161,-5.741535,87.10001347
-163.125,58.42873597,3.5721939,0.036822163,3.446264,66.36789632
-16.875,36.6286242,3.6267495,0.038916517,2.7463758,82.74637576
151.875,36.15272617,3.5161798,0.030938543,3.2222738,72.31652663
-106.875,57.65966654,4.106745,0.032835826,-7.0346665,84.81712519
73.125,66.18998528,4.0505667,0.028871475,-4.3149853,96.70206416
-5.625,41.75452542,2.8536017,0.039923377,-2.3795254,73.65557839
39.375,33.75640869,2.4195838,0.049772255,5.6185913,63.72951035
5.625,52.65423942,3.5040708,0.037145156,-2.0292394,69.6420841
95.625,60.5206852,5.940724,0.023793722,1.3543148,72.88007871
95.625,60.07455897,3.2255197,0.0363258,1.800441,77.26827717
118.125,56.16095781,3.4179277,0.038823154,5.714042,76.71064687
-39.375,62.18352512,3.424808,0.04222472,-0.30852512,87.01804437
84.375,62.52969635,3.8316617,0.034374617,-0.65469635,62.57858933
95.625,63.90311551,3.8032806,0.03885694,-2.0281155,67.8751005
163.125,48.83993697,3.8400514,0.029756276,1.785063,75.15335008
95.625,55.06039047,4.434877,0.0250327,-4.4353905,63.84111564
-5.625,52.21115625,3.7784133,0.036531024,-1.5861562,74.61190049
-140.625,56.94649601,2.6642494,0.053391524,4.928504,94.61502472
106.875,36.40834212,3.0424984,0.042452,2.9666579,88.90056061
73.125,47.95991397,3.5418985,0.037113536,2.665086,73.17640647
118.125,56.55148745,3.6880836,0.033557646,-5.9264874,85.58313773
16.875,64.42715979,4.489002,0.030663189,-2.5521598,80.96379884
95.625,59.91102505,3.9837654,0.03232218,-9.286025,85.68597989
95.625,49.00720239,3.3718417,0.03983991,1.6177976,57.78897381
95.625,49.61924756,3.6670916,0.035955425,1.0057524,56.50984672
73.125,49.24531257,3.8994708,0.034670338,1.3796874,66.84820888
151.875,64.93698621,3.771652,0.03934525,-3.0619862,90.66813844
151.875,57.40652418,3.0125275,0.04238523,4.468476,91.85538241
-5.625,61.44016483,3.1808367,0.04165865,0.43483517,78.88425212
174.375,58.27046037,3.1565623,0.03993114,3.6045396,83.71773794
95.625,60.3885231,3.3082995,0.03624296,-9.763523,70.2466378
-5.625,47.94185114,2.4646256,0.047445968,2.6831489,67.01974908
73.125,38.55538034,2.7776182,0.03945553,0.81961966,67.21524958
95.625,61.16428286,5.1913857,0.021695288,0.71071714,62.80707281
-16.875,46.02195549,4.9482985,0.026927179,4.6030445,86.25115756
129.375,36.60605431,2.1271553,0.046084736,2.7689457,84.66746208
-140.625,56.67413712,4.4062033,0.039794758,5.200863,76.53665463
61.875,57.88978291,4.2912655,0.031928383,-7.264783,77.62641814
73.125,55.19292116,4.3141923,0.03544224,6.682079,71.4691597
5.625,49.03371429,3.4318142,0.040571887,1.5912857,66.07508611
95.625,54.18579984,3.487967,0.03795039,-3.5607998,76.56715143
73.125,46.02095795,3.8993104,0.033448808,4.604042,69.3804537
-118.125,55.79485035,3.1034334,0.041135553,-5.1698503,86.99202134
-39.375,56.13317108,4.9360003,0.027355244,5.741829,76.37673941
5.625,47.5444572,1.9756783,0.054849837,3.0805428,78.21009196
5.625,55.28953552,4.609581,0.02694607,-4.6645355,75.55018407
28.125,42.44987011,2.8570788,0.041249983,8.17513,59.68420787
95.625,55.96312332,4.3703966,0.029250393,-5.3381233,84.54539294
-129.375,56.52320576,4.6584587,0.02832053,-5.8982058,87.29372446
-129.375,56.52233267,4.2726007,0.028953055,-5.8973327,92.81541331
61.875,59.06715894,3.655743,0.031928003,2.807841,69.10561372
39.375,57.88511992,4.5534925,0.028400427,3.98988,82.96906041
28.125,74.26516199,5.382612,0.019687992,-1.140162,76.97841761
84.375,53.00897288,3.5901349,0.03590745,-2.383973,88.4874093
95.625,51.07496914,3.2972777,0.037184563,-0.44996914,68.30917951
28.125,72.75766441,4.9483967,0.025892364,0.3673356,67.89520858
129.375,47.82387233,2.783154,0.04436253,2.8011277,79.48699582
129.375,51.83667803,3.955889,0.032850508,-1.211678,75.30140809
-5.625,83.04382193,2.2638388,0.04352828,1.3311781,61.74489644
-39.375,59.9102354,4.1998305,0.033424426,-9.285235,85.89208768
28.125,45.41518068,4.6064095,0.028934807,-6.0401807,80.78053803
174.375,50.26580906,2.7633321,0.04476753,0.35919094,74.7168122
84.375,48.50037766,3.3214085,0.041581783,2.1246223,67.01459229
118.125,46.51334572,3.838714,0.034192715,-7.1383457,72.20895115
50.625,65.32037163,4.6616693,0.02514036,-3.4453716,93.61227782
-5.625,51.85082567,3.0847542,0.040847614,-1.2258257,83.12742518
-151.875,63.18168247,4.3098497,0.040280867,-1.3066825,79.12119138
151.875,54.41448736,3.5443225,0.043586142,7.4605126,89.87371231
-28.125,50.63498709,3.0961955,0.038621962,-0.009987089,93.35780546
5.625,58.19317389,3.8722837,0.034672514,3.681826,81.92152113
-106.875,30.16731453,4.499332,0.021456473,-2.0423145,75.76922141
16.875,45.82491732,3.4940484,0.03415613,-6.4499173,92.38979007
-5.625,54.9929533,4.2459693,0.027522065,-4.3679533,72.40540788
95.625,49.17134607,4.1592436,0.034023426,1.4536539,80.53183035
-5.625,55.88587666,3.5733953,0.034392044,-5.2608767,69.42295797
5.625,56.53572416,3.3399606,0.04291449,5.339276,82.98532992
-5.625,55.40469408,4.132185,0.02971545,-4.779694,80.79705343
129.375,89.86588764,4.041011,0.033522237,-5.4908876,73.47657962
28.125,42.14432287,2.3246636,0.05087019,-2.7693229,81.35060611
84.375,64.14725995,5.738793,0.018610386,-2.27226,74.88336636
28.125,45.40825796,3.4355185,0.040586226,5.216742,79.39666657
84.375,55.83830881,5.201946,0.02873883,6.036691,63.4299246
5.625,58.53568125,3.4362357,0.0387741,-7.9106812,85.60307506
16.875,65.1825726,3.7688744,0.03585829,-3.3075726,76.01274497
118.125,56.84896708,4.0169253,0.031024728,-6.223967,82.93465675
-5.625,43.88889599,2.6680698,0.039227925,-4.513896,83.63125408
84.375,58.44930601,3.841779,0.03670644,3.425694,78.77055679
39.375,43.29289126,3.3442633,0.03806662,-3.9178913,73.93981671
151.875,42.06524634,3.307069,0.038939215,-2.6902463,79.39478827
50.625,48.06916714,3.5773761,0.036808155,-8.694167,71.54084937
95.625,56.79104424,3.824363,0.03234902,-6.166044,87.86528152
118.125,58.55980659,4.3191333,0.031297125,3.3151934,70.49173231
73.125,40.60551453,3.6609612,0.039570622,10.019485,62.23872594
-16.875,48.9203043,3.1715758,0.035163194,-9.545304,78.24239192
118.125,69.25413847,4.4743013,0.028416755,-7.3791385,71.78420901
-151.875,42.11993313,4.1178846,0.033502568,8.505067,85.1283974
73.125,44.12340736,3.38835,0.041152313,6.5015926,80.85644875
174.375,68.60059977,4.081179,0.03916198,4.5244,72.12381967
174.375,66.81261921,4.6725216,0.02966022,-4.937619,76.05745539
84.375,57.08602381,4.396733,0.03167987,-6.461024,63.51183905
28.125,63.91935158,5.038944,0.026300825,9.205648,78.00588296
-106.875,46.60438013,3.1074076,0.044357553,4.02062,78.65842558
-118.125,50.49743713,4.7343793,0.030192195,0.12756287,69.82442966
163.125,43.69599247,2.757233,0.04540447,6.9290075,84.17376918
84.375,55.36274767,4.073102,0.02897732,-4.7377477,76.77500774
-151.875,31.34052467,2.6936426,0.0448981,8.034475,73.12006424
163.125,81.08066463,3.756776,0.03854841,3.2943354,78.0006647
-151.875,34.89567232,3.3027034,0.037165757,4.4793277,64.78942594
-129.375,68.67549038,3.2030895,0.040666506,4.4495096,72.62039492
-5.625,50.85700254,3.4886127,0.04581502,-0.23200254,73.74555247
129.375,55.10565424,2.9307084,0.04462704,-4.4806542,88.8180451
5.625,48.51241755,3.317499,0.04161764,2.1125824,67.85635163
140.625,48.36643291,2.486678,0.05179429,2.258567,79.26788336
95.625,56.80291557,4.2689457,0.02947068,-6.1779156,71.68188594
-39.375,86.91079402,3.7364848,0.03681887,-2.535794,99.37022291
-151.875,43.6526041,2.369972,0.045839995,6.972396,86.18179698
106.875,49.20560694,3.364336,0.039060242,1.4193931,88.94253896
16.875,62.96456063,4.6814,0.025807112,-1.0895606,65.55813641
-174.375,44.82650042,4.729953,0.023194069,-5.4515004,81.68032666
163.125,57.46659279,2.5469291,0.048911832,4.408407,68.6091341
50.625,47.77019525,3.683425,0.03680367,2.8548048,84.09322759
140.625,48.80126083,2.8173912,0.04388575,1.8237392,67.14198215
140.625,58.35853958,4.1000204,0.038820233,-7.7335396,90.86491619
-16.875,41.58450747,3.2438796,0.03895063,-2.2095075,72.51533295
5.625,55.49169016,2.7739258,0.04665088,6.38331,67.92834865
-151.875,78.19025517,3.0629213,0.046385493,6.184745,85.8273853
-28.125,36.46851349,3.248956,0.039755393,-8.3435135,83.54308317
174.375,62.13922471,4.1500993,0.038258944,-0.2642247,66.81545129
-5.625,34.3918891,2.446752,0.044946227,4.983111,81.87505535
140.625,46.99912286,3.0248766,0.045232415,3.6258771,78.44602035
-151.875,57.78955078,5.796425,0.021919336,4.085449,71.24784108
-140.625,58.82368302,3.0462732,0.04202511,3.051317,67.17567547
118.125,48.06610775,2.7248695,0.04235888,2.5588923,74.61039102
95.625,65.52482533,4.735274,0.027696624,-3.6498253,62.09301069
163.125,57.38805294,3.36528,0.04118067,4.486947,73.50629094
140.625,52.3095926,3.3610663,0.044604283,-1.6845926,85.05453573
95.625,59.06425571,4.0165195,0.03288936,-8.439256,86.38802772
39.375,44.88456535,2.8295333,0.03884427,-5.5095654,88.19187385
39.375,33.11092567,2.6546755,0.045468558,6.2640743,67.54135697
151.875,44.91262817,3.581696,0.036229372,5.712372,67.7872028
-39.375,45.52031374,2.9014077,0.045093257,5.1046863,72.86684863
73.125,55.16325665,3.9931607,0.038413577,6.7117434,87.80100944
5.625,72.91149473,2.928661,0.04247596,0.21350527,62.9003049
95.625,47.38101888,3.6635978,0.035384517,3.2439811,63.66535439
61.875,58.76477194,5.2634997,0.024721025,3.110228,81.89307339
151.875,53.57707787,3.951302,0.03634245,-2.9520779,88.17335037
-95.625,47.65296078,3.9169917,0.038208127,2.9720392,66.89961971
16.875,57.3991189,4.543639,0.034421653,4.475881,68.35658786
73.125,58.08327341,4.2077417,0.032314528,-7.4582734,67.87670559
151.875,55.29026985,4.2377825,0.03817676,6.58473,61.90216154
-5.625,48.29463196,3.0479379,0.041003343,-8.919632,84.15448073
-16.875,48.13721418,3.6922052,0.035713647,2.4877858,103.0074489
-16.875,41.82042933,3.147389,0.0432185,-2.4454293,85.34029036
39.375,44.65426064,3.7686315,0.0317963,5.9707394,79.39509563
95.625,59.55642033,4.5249596,0.030201174,-8.93142,84.33478406
151.875,46.10293007,2.7657526,0.051028565,4.52207,72.31300908
-16.875,78.80364943,5.118945,0.025327532,-5.6786494,74.01714128
84.375,57.54575109,4.0879116,0.030979652,-6.920751,89.52913609
106.875,58.20583797,4.2155557,0.03359876,3.669162,65.3350556
129.375,78.55802155,4.8060985,0.026570894,-5.4330215,80.58046813
16.875,62.77641541,4.5105696,0.029804515,-0.9014154,76.52158723
174.375,57.02273178,3.7636173,0.03894578,4.852268,77.12575162
140.625,37.69739974,2.5334396,0.04486881,1.6776003,76.7956554
-39.375,60.20066416,3.9790704,0.039768986,1.6743358,74.70959269
-163.125,33.66297865,3.2229626,0.03919753,5.7120214,80.71728365
174.375,54.74871159,4.2274,0.033113092,7.1262884,74.29208372
-174.375,56.49466419,3.2215967,0.042596493,5.380336,86.99119489
163.125,44.15468979,3.077567,0.039622985,6.47031,86.24266763
39.375,48.91855717,2.9770458,0.04375275,-9.543557,93.97941415
-16.875,55.43417215,3.9359324,0.033874895,-4.809172,79.06929561
-5.625,55.39820051,3.6807508,0.036328252,-4.7732005,71.05747005
-84.375,78.54722023,4.481616,0.032635987,-5.42222,76.6674186
-163.125,46.9087956,4.343835,0.033526745,3.7162044,69.51634032
163.125,37.52307141,2.8083315,0.03674802,1.8519286,66.20417668
-163.125,49.98458827,3.3851876,0.03517806,0.64041173,84.55094589
-28.125,31.43996906,2.1640205,0.048122544,7.935031,81.66339462
84.375,52.01666737,4.7482877,0.027114049,-1.3916674,84.98894543
-16.875,75.20745492,4.5851846,0.032421976,-2.082455,74.63050593
39.375,45.90211487,2.835544,0.04407395,-6.527115,92.47466883
-16.875,49.85201991,2.6088245,0.048957255,0.7729801,87.8253659
-5.625,45.46469402,1.9702657,0.05197985,5.160306,78.39937016
73.125,56.31254005,3.4335563,0.04127519,-5.68754,89.38408337
84.375,41.83521175,3.2502916,0.04009475,8.789788,81.88366139
95.625,64.32748246,3.8592668,0.031321455,-2.4524825,81.56057978
61.875,45.47460365,4.200713,0.03157574,5.1503963,82.18505032
84.375,56.59259224,4.0764165,0.034742903,5.2824078,64.5922657
151.875,48.8442862,2.8377953,0.048424643,1.7807138,83.54725642
163.125,60.99056828,3.5136712,0.044727374,0.8844317,74.6811108
-174.375,55.83699179,3.669199,0.036020212,6.038008,76.54651059
-129.375,59.44647145,4.9719048,0.02688946,2.4285285,68.40003469
-163.125,74.99519444,4.4082484,0.032902967,-1.8701944,83.35601795
140.625,47.79507542,3.1357484,0.048946004,2.8299246,66.69241909
163.125,43.11048412,3.008137,0.04294164,7.514516,77.35407801
95.625,64.98378205,4.302066,0.034245048,-3.108782,84.42322135
-151.875,57.41283274,3.3853543,0.03988089,4.4621673,79.12153289
151.875,43.14238024,2.7971756,0.04613315,-3.7673802,85.5797363
163.125,47.39030504,3.339635,0.04288531,3.234695,89.30248993
16.875,45.6224637,2.9558206,0.041506026,5.0025363,64.71950529
-163.125,42.9110384,3.4882338,0.03710993,7.7139616,78.20095317
-5.625,61.14739537,3.7177613,0.038995937,0.7276046,86.60828766
-5.625,50.17010233,3.6437318,0.034924313,0.45489767,88.33036959
151.875,36.21685219,2.1455233,0.045480117,3.1581478,73.12486586
-174.375,34.78204966,3.1248336,0.04358074,4.5929503,79.65341338
-28.125,55.74275494,3.3713112,0.03438954,-5.117755,66.56931176
-39.375,60.54988182,4.817382,0.031170703,1.3251182,68.94400461
118.125,47.53483677,2.4845748,0.04184393,-8.159837,80.51906473
174.375,53.45439768,3.6458616,0.03545661,-2.8293977,95.47492505
-151.875,52.42625046,3.451409,0.042029675,9.44875,71.03314775
-84.375,53.14602375,4.2154326,0.035829548,8.728976,80.45979918
95.625,59.03869915,4.2439814,0.026891004,-8.413699,75.01596765
151.875,44.2975502,2.5378447,0.05003994,-4.92255,75.69391857
163.125,54.60660887,2.9361901,0.049013317,-3.9816089,73.32341263
95.625,45.29524374,3.6630523,0.041666128,5.3297563,69.95134823
95.625,66.76884794,4.646961,0.026637642,-4.893848,77.56936557
163.125,58.95015407,3.344917,0.04283092,2.924846,86.74887344
163.125,77.40306997,3.7142313,0.035847478,6.97193,79.02825983
-5.625,55.02208567,3.8580098,0.03685072,-4.3970857,85.77698533
140.625,37.08529997,2.471327,0.042766288,2.2897,69.23464282
163.125,61.27392036,3.856465,0.039597567,0.60107964,90.50150914
84.375,52.47599947,3.28341,0.038120586,-1.8509995,63.22162432
-129.375,33.87182188,2.2668593,0.041205965,-5.746822,97.55915727
39.375,45.88916636,5.2494283,0.027412897,4.7358336,78.02857968
73.125,68.79718971,5.2814455,0.020207267,-6.9221897,81.7356307
140.625,47.7573185,3.7637434,0.042573348,2.8676815,64.75069194
-151.875,54.76325417,3.4683077,0.03692799,7.111746,79.67268135
39.375,32.58516121,2.3709424,0.04247589,-4.460161,76.11049864
-73.125,88.66238642,4.551142,0.02807708,-6.9626136,57.68105682
163.125,75.89511681,4.2642694,0.031211302,8.479883,63.13550929
118.125,82.31731224,4.7968593,0.023680039,2.0576878,83.01838121
95.625,58.61781454,4.551156,0.027782338,-7.9928145,95.53684071
163.125,42.89277792,3.6713266,0.038546786,7.732222,71.2769855
84.375,63.7693994,3.6813889,0.031577915,-1.8943994,88.26596774
84.375,44.75246143,2.3089535,0.04806094,5.8725386,71.41302921
5.625,51.88657141,2.6729865,0.04864776,-1.2615714,87.03052312
-95.625,66.39311171,5.870181,0.018798044,-4.5181117,97.56191667
95.625,55.49660587,3.5190654,0.036732633,-4.871606,91.51503409
73.125,76.85422444,4.0231004,0.02797167,-3.7292244,81.57665805
5.625,44.09667683,4.559906,0.025072794,6.528323,69.3223766
61.875,55.34831524,4.6099396,0.03365163,6.5266848,69.41787631
174.375,44.82985401,2.9871478,0.046286456,5.795146,64.79894039
106.875,57.27731371,3.1433942,0.038681276,-6.6523137,89.93127031
-118.125,56.91262865,5.2552667,0.024017459,-6.2876287,92.2684381
151.875,46.68912625,3.4662342,0.039988793,3.9358737,69.45545601
28.125,42.59016156,3.8918114,0.03500339,-3.2151616,84.07465631
-118.125,62.96000624,5.333057,0.022281135,-1.0850062,78.90803484
73.125,42.37717342,3.7376018,0.035525046,8.247827,72.60137284
129.375,48.95948946,3.8024075,0.036554214,1.6655105,85.39298527
-129.375,58.68644404,6.135056,0.01883084,3.188556,80.2007984
95.625,48.36931276,3.6148796,0.03362661,2.2556872,68.67146641
73.125,62.48996878,5.119229,0.021221463,-0.6149688,84.40119399
-5.625,56.34791708,3.7354465,0.039114024,5.527083,61.89664958
95.625,43.74100447,3.1108313,0.04234471,6.8839955,59.10907862
-163.125,53.17487431,4.152866,0.033980023,8.700126,70.27893094
163.125,57.40862036,2.6022854,0.04934396,4.4663796,89.3085483
5.625,45.66046095,2.800393,0.044227473,4.964539,71.41867777
-151.875,55.96100092,3.703448,0.037587404,5.913999,74.70634835
151.875,68.84504461,3.6341548,0.03287619,4.2799554,66.48869504
-118.125,65.19309711,4.3912983,0.029336037,-3.318097,65.36218511
95.625,45.05449104,3.7301435,0.035067555,5.570509,57.9004425
16.875,47.58358073,2.9617963,0.044558287,3.0414193,71.7267398
-50.625,67.58096838,5.6794653,0.025162293,-5.7059684,94.772645
16.875,46.59972572,3.1179867,0.04287889,4.0252743,63.7876216
-16.875,43.64059544,3.7493222,0.036863234,-4.2655954,73.40553199
16.875,56.46757317,3.5407293,0.03772318,5.407427,82.06867756
140.625,55.9607296,4.1478076,0.030695308,-5.3357296,87.06563712
84.375,40.97850633,2.3009834,0.04417963,-1.6035063,70.02471813
140.625,42.33487606,2.4867866,0.050007313,8.290124,87.52776089
28.125,34.06414938,3.7761312,0.0370589,5.3108506,83.81190576
-16.875,52.26163185,5.509995,0.022334531,-1.6366318,85.06530011
-16.875,68.6910677,4.8426504,0.022975476,-6.8160677,81.54524601
-95.625,58.64772511,5.0177565,0.023754105,-8.022725,70.57142013
84.375,56.82657957,3.925744,0.02731806,-6.2015796,89.33280231
84.375,68.09531021,5.2780523,0.015343231,-6.22031,81.96371121
-5.625,67.9217639,3.4354937,0.035734247,-6.046764,78.43115786
61.875,52.34722996,4.1574435,0.032835994,9.52777,71.30216158
-5.625,53.30612445,3.8136594,0.030819004,-2.6811244,87.39399164
61.875,43.28086185,4.120984,0.03383291,7.344138,82.07171016
-95.625,66.20571899,5.4217434,0.022254854,6.919281,80.80120618
5.625,44.81015158,2.8348687,0.043122597,5.8148484,89.66996093
-163.125,85.19442433,3.5517328,0.041089572,-0.81942433,73.38434474
50.625,36.51724148,1.7339947,0.054713294,2.8577585,73.1524325
5.625,83.78174824,3.3069618,0.04172754,0.59325176,73.22581605
28.125,34.09927797,3.1639106,0.041306727,5.275722,72.31089855
-5.625,42.86523533,3.8903847,0.027070673,-3.4902353,83.95171973
174.375,80.39371634,3.4752536,0.040850174,3.9812837,63.58219683
84.375,69.38464546,4.1385527,0.029115973,-7.5096455,85.25270001
73.125,43.1952858,4.354285,0.030726692,7.429714,61.91317864
163.125,57.05549479,3.9353735,0.034330852,4.819505,63.09888582
163.125,50.24730206,3.6507604,0.04016506,11.627698,83.34838863
-39.375,45.11278772,3.7692554,0.037196856,5.5122123,69.35254555
95.625,76.41772795,2.8978617,0.039976757,7.957272,54.83626254
84.375,56.5478406,3.2486618,0.034645576,-5.9228406,92.99603766
73.125,59.10596037,3.6679852,0.032993436,2.7690396,62.46747581
-5.625,47.13915682,3.7492688,0.033539522,-7.764157,79.28620875
73.125,49.85712487,3.0851414,0.038733453,0.76787513,67.47813674
-28.125,38.84707069,4.0211453,0.033210874,-10.722071,70.90589449
163.125,41.8679657,4.187817,0.027489373,-2.4929657,91.07088054
16.875,73.51885694,3.8928576,0.034833994,-0.39385694,69.59687508
-140.625,57.10220194,3.683962,0.03673361,4.772798,90.40072287
163.125,43.37700844,4.3936353,0.030453978,7.2479916,72.0393917
-16.875,46.92418242,3.5220935,0.03349692,-7.5491824,85.27623684
-163.125,81.61920428,4.087615,0.032354727,2.7557957,73.79600025
174.375,79.97834063,3.5717618,0.03715394,4.3966594,86.89072281
-5.625,49.7727707,4.873453,0.02534673,0.8522293,69.53211805
61.875,42.2166853,3.7642653,0.034264103,-2.8416853,84.3034813
174.375,52.14361763,4.475675,0.028342776,9.731382,88.05708006
-5.625,63.96571183,3.1361153,0.0415812,-2.0907118,80.96564299
106.875,40.72674012,2.9420092,0.045704912,-1.3517401,68.22647275
16.875,56.09891415,3.9388354,0.03730201,5.776086,67.17577109
-5.625,47.38870144,3.770212,0.03588269,3.2362986,71.57125737
73.125,85.60145235,4.3716707,0.027695404,-1.2264524,53.22923856
-118.125,60.3056705,4.2923536,0.030944169,1.5693295,72.83700071
-5.625,55.68211317,4.0984693,0.033412606,-5.057113,84.47181131
84.375,55.09412003,4.1678686,0.028139524,-4.46912,83.92113414
-5.625,52.45423257,3.2010758,0.039832678,-1.8292326,88.24895374
151.875,54.90730762,3.7465174,0.040244468,6.9676924,78.25870925
5.625,44.78049469,3.1017764,0.044900477,5.8445053,82.08302095
174.375,59.99418259,3.8343801,0.039234363,-9.369183,65.7234748
84.375,67.30671692,3.8100624,0.028620372,-5.431717,72.29524376
95.625,67.84267664,4.792897,0.026301552,-5.9676766,70.31193441
-174.375,67.43607521,4.5160885,0.028758852,5.688925,60.7944961
84.375,52.47183418,4.394105,0.03261436,9.403166,71.76303542
-50.625,63.90814137,3.8051472,0.038647752,-2.0331414,82.39671788
174.375,59.2135911,3.4809108,0.042807933,2.661409,85.35759123
16.875,62.87859941,4.374338,0.03171636,-1.0035994,83.6777745
-5.625,51.44597262,4.1903114,0.03357137,-0.8209726,80.85361422
84.375,61.56306705,4.6025815,0.026312722,0.31193295,72.14472688
84.375,64.08245349,3.7955387,0.028361874,-2.2074535,88.6198535
-39.375,33.76322889,3.3915055,0.03763054,-5.638229,81.27272146
140.625,56.04371643,3.9500763,0.02823113,-5.4187164,77.05560557
95.625,51.57395899,4.3970284,0.03154569,-0.948959,79.72564263
-140.625,75.19003391,4.8959866,0.026283924,9.184966,66.56983769
16.875,46.31571865,3.2114143,0.04038909,4.3092813,72.73811323
5.625,52.54800045,3.584402,0.043092433,-1.9230005,77.43438738
-16.875,50.64919474,4.396638,0.030928101,-0.024194738,73.32934806
174.375,63.98612952,3.3791156,0.045187462,-2.1111295,75.93932044
16.875,66.45784903,4.336378,0.030599099,-4.582849,76.83662971
-5.625,43.35901403,3.1517313,0.043447994,7.265986,80.77044984
-39.375,33.75579166,2.7954516,0.040368482,5.6192083,72.04561401
95.625,50.20990598,4.242924,0.035689894,0.41509402,74.29567639
84.375,49.44804752,4.384908,0.03002753,1.1769525,79.27424909
-140.625,47.57100606,3.8975658,0.03421558,3.053994,68.04965281
50.625,36.11427283,2.3727808,0.04685812,3.2607272,74.15110178
174.375,75.96177959,3.822918,0.03487517,8.41322,94.01323042
-163.125,64.81918335,5.3700624,0.026700841,8.305817,71.42278955
106.875,64.75930858,4.906655,0.022597976,-2.8843086,88.55253516
-5.625,67.00166225,5.139406,0.026711743,-5.1266623,72.20842523
-16.875,52.41427255,4.4618826,0.031385556,-1.7892725,70.35827041
174.375,79.91776085,4.4137783,0.03019427,4.457239,73.99665754
84.375,86.8936615,3.986897,0.029416598,-2.5186615,76.18923023
163.125,39.18018556,3.1760502,0.036517274,0.19481444,81.24599493
174.375,65.8231349,4.1030803,0.03568702,7.301865,65.74591197
-16.875,74.92369401,4.2114453,0.0335545,-1.798694,78.26885891
73.125,65.04751492,4.892303,0.026039401,-3.172515,74.10859751
-5.625,56.53383207,4.29202,0.032769524,-5.908832,93.80547655
-50.625,53.94446278,3.5857239,0.039218754,7.930537,80.03517315
-50.625,57.4373908,4.275069,0.032593973,-6.812391,60.83012237
5.625,43.0706377,2.6389453,0.053181548,7.5543623,85.50031486
-5.625,44.06925774,3.390736,0.042636927,6.5557423,76.59064728
84.375,67.28616667,4.6987767,0.023699109,-5.4111667,66.9981247
-5.625,40.91708088,3.5280066,0.04024884,9.707919,69.91088619
-16.875,54.22002745,4.674114,0.024071027,-3.5950274,90.7469315
163.125,57.14074039,3.678217,0.04210508,4.7342596,64.04708683
73.125,80.60840797,3.8217964,0.03349514,-7.483408,80.82684671
16.875,67.00139761,4.707869,0.029795645,6.1236024,69.99436477
84.375,62.26346353,4.5242033,0.029200958,-0.38846353,87.1393417
-106.875,49.37208831,3.8974986,0.035549544,1.2529117,79.70406607
50.625,41.33008099,3.125003,0.0403271,9.294919,71.69970591
-151.875,54.66038895,3.768696,0.03885223,7.214611,73.45071369
174.375,45.59677935,2.905938,0.04344564,5.0282207,77.44406575
106.875,57.87143612,4.4672346,0.02856779,4.003564,64.12663804
61.875,49.52343547,3.7718122,0.035328962,1.1015645,81.61513934
84.375,59.88182521,4.3405595,0.027036626,1.9931748,60.53499673
-163.125,49.73815274,3.1679826,0.043173615,0.88684726,74.18715835
-163.125,50.73120973,3.9187953,0.032969702,-0.106209725,84.04057366
-140.625,35.36129665,2.3792593,0.03959166,-7.2362967,79.86614646
-50.625,46.43999672,3.3623881,0.035050564,-7.0649967,88.05630142
-95.625,57.71594191,3.7646964,0.03753471,4.159058,80.97788952
95.625,47.6215601,2.6657543,0.040727798,3.00344,65.89581413
140.625,34.47311211,3.181513,0.037650663,4.901888,71.86104864
-118.125,37.9876523,2.7906368,0.04754615,1.3873477,73.03633295
140.625,44.40215635,3.1813984,0.04875792,6.2228436,81.56055929
73.125,46.41818142,3.7773855,0.038152374,4.2068186,75.35959447
-106.875,49.00556517,3.903044,0.035214987,1.6194348,90.33031045
118.125,35.98104095,2.679051,0.042184096,3.393959,68.44455386
-84.375,54.7606287,4.776105,0.022328896,-4.1356287,79.79314539
84.375,65.3547318,5.007645,0.022409616,-3.4797318,95.45690701
-174.375,60.03597045,3.9781327,0.03943308,1.8390296,68.26039147
95.625,53.40748501,4.066161,0.0354648,8.467515,69.87055393
-106.875,45.87714958,3.1206114,0.04557328,4.7478504,68.08142002
95.625,48.96295393,3.838921,0.039051704,1.6620461,63.74613503
-5.625,57.91188049,4.4593644,0.032862317,-7.2868805,81.55683001
-118.125,45.89859247,3.6416564,0.034716118,-6.5235925,84.44347286
95.625,50.55632152,3.0338762,0.041037127,0.068678476,79.72999346
50.625,51.69351602,3.6379266,0.043639656,-1.068516,90.71435833
28.125,43.96908522,3.2695649,0.040390942,6.655915,62.03469453
-16.875,44.31364584,3.1257606,0.04514287,-4.938646,72.82157131
118.125,30.64963245,2.3600185,0.0464018,8.725368,78.10317901
140.625,44.00075531,3.8528912,0.035861712,6.6242447,82.96728457
39.375,48.48271275,3.233315,0.038716733,-9.107713,68.81313136
95.625,49.11019933,2.7375998,0.043478515,1.5148007,100.0151294
-163.125,47.88351655,3.6747425,0.03871003,2.7414834,88.49457417
-5.625,43.57294369,4.3257923,0.026684554,-4.1979437,86.38057598
-140.625,82.16953969,4.4395213,0.031468797,2.2054603,68.35092563
-174.375,65.29117584,3.5353687,0.04057763,7.833824,75.53786241
39.375,74.42707646,4.2903767,0.029043172,-1.3020765,63.04993385
-174.375,64.87795162,3.5987782,0.039535277,8.247048,77.71698645
84.375,59.27979231,5.1396,0.024963494,2.5952077,59.1678524
163.125,44.05064154,3.265224,0.0443847,6.5743585,83.80792376
-174.375,55.89334631,3.885176,0.038829945,5.9816537,66.50327067
-16.875,30.96624184,2.7714849,0.046506356,8.408758,83.14818896
-151.875,33.88625574,1.9968026,0.05243037,5.4887443,86.8180496
-50.625,56.69576263,3.835772,0.03691691,-6.0707626,76.63202456
95.625,52.95157146,3.4469798,0.036800038,8.923429,61.98191083
118.125,67.71445465,4.722977,0.027540933,-5.8394547,76.53007716
73.125,56.51169825,3.948305,0.03334781,-5.8866982,84.25627104
-5.625,63.73899937,4.1388144,0.035026334,-1.8639994,78.97373443
174.375,81.75652432,4.063674,0.03271728,2.6184757,73.19918515
39.375,46.26746035,3.9189296,0.029936219,-6.8924603,89.86191657
73.125,53.38272953,5.5008936,0.02229574,8.49227,77.37689767
106.875,43.53760767,3.4583194,0.039520346,-4.1626077,86.44403527
-5.625,49.99301493,3.2154975,0.040156517,0.63198507,75.58699196
-5.625,46.3172307,3.2470734,0.042700414,-6.9422307,85.77571492
-16.875,70.87196827,5.5182924,0.024710245,2.2530317,87.09450833
84.375,85.45704663,4.052392,0.031031523,-1.0820466,77.50585164
-163.125,55.95242834,3.927689,0.03515037,5.9225717,70.48308529
140.625,67.29151487,4.5902624,0.033306982,5.833485,74.41992437
-151.875,53.16457081,4.632853,0.028144851,8.710429,67.55117195
-5.625,61.41081116,3.8026497,0.034838565,0.46418884,77.70629721
163.125,42.58504009,3.5043337,0.03496606,8.03996,69.38142359
163.125,56.14078665,3.2815695,0.0377664,5.7342134,98.53168059
-5.625,46.66143036,3.4731364,0.03479053,-7.2864304,94.03765517
-95.625,52.41830444,4.900731,0.029812692,9.456696,84.79483145
16.875,58.21012735,4.139826,0.0334289,3.6648726,56.70634785
73.125,49.34713423,3.9824555,0.036558002,1.2778658,58.3719851
-5.625,51.26879138,2.8877847,0.044803664,-0.6437914,92.45007332
-151.875,62.06907439,4.2570925,0.034073945,-0.19407439,59.93228717
-174.375,58.17455268,3.3312752,0.04014986,3.7004473,84.02455687
151.875,32.35818386,1.154307,0.05679956,7.016816,88.24118781
5.625,42.7138648,2.8672514,0.052216854,7.911135,95.01499377
-106.875,59.07448626,3.7514155,0.035116192,2.8005137,64.61562494
140.625,41.53735638,2.8130796,0.043593217,9.087644,74.59946272
-5.625,41.62868595,3.2420495,0.04092338,8.996314,80.30127049
-163.125,75.3001709,4.484895,0.03231222,9.074829,67.73752683
95.625,67.92891502,3.763052,0.032849178,-6.053915,79.49659907
50.625,55.76696491,6.5483165,0.016051995,6.108035,75.49245531
-5.625,52.92405963,2.8176026,0.048533168,-2.2990596,89.51581039
163.125,54.08922553,3.572443,0.043150213,-3.4642255,78.63348856
84.375,67.62587357,4.0526752,0.030417554,-5.7508736,63.03923094
163.125,51.40757024,4.1032686,0.030401085,-0.78257024,73.7920524
140.625,42.26712513,3.7868736,0.03577576,8.357875,74.5310652
28.125,32.0798378,3.61453,0.03173469,-3.9548378,83.3611884
-16.875,48.04818439,4.0867424,0.029535882,-8.673184,86.38506341
73.125,81.92184711,3.862329,0.035434563,2.453153,81.77625667
39.375,32.59619093,2.5900705,0.042895153,6.778809,83.41039309
95.625,46.35274315,3.6427836,0.033575837,4.272257,57.92152729
73.125,63.47781146,3.731578,0.036826536,-1.6028115,77.59654973
118.125,50.36633795,3.6252773,0.04183771,0.25866205,93.34020407
5.625,42.15682817,2.5843227,0.04718907,-2.7818282,84.79467436
84.375,49.83667064,4.2474723,0.03091389,0.78832936,67.49585425
84.375,46.89197421,2.9431999,0.041551564,3.7330258,62.51183106
95.625,54.4296422,4.8389306,0.025105316,-3.8046422,77.82171374
84.375,53.01647139,4.312796,0.030150259,-2.3914714,85.20652793
140.625,48.86103261,2.9301462,0.04780356,1.7639674,86.35642443
-106.875,64.56949711,4.482382,0.027992047,-2.694497,89.04327059
163.125,68.08240461,4.951071,0.030194946,5.0425954,66.76580948
174.375,46.59471893,3.2028296,0.03800746,4.030281,70.66773262
84.375,80.09094954,4.260047,0.027623827,-6.9659495,86.29308126
50.625,53.64121103,3.8233216,0.035478756,-3.016211,83.19553583
151.875,55.72223091,2.9585009,0.04727948,6.152769,80.42176868
-28.125,44.29740715,3.6255522,0.035071235,-4.922407,96.28576413
95.625,71.32053459,3.9204888,0.031189468,1.8044654,64.63063087
140.625,56.98669004,3.036281,0.045636673,-6.36169,102.8938765
-151.875,44.00593805,3.5877814,0.04260037,6.619062,63.66894024
-140.625,61.09623474,4.189479,0.031235607,0.77876526,71.18794032
5.625,50.11799037,2.5926788,0.04995533,0.5070096,89.17231335
-73.125,43.71610165,3.5369933,0.034140915,-4.3411016,77.87694948
84.375,57.45380545,4.2808633,0.030069187,4.4211946,54.01107324
28.125,55.28275204,4.142766,0.034937885,6.592248,67.01655938
61.875,60.84122944,6.1493726,0.01334665,1.0337706,85.76600239
-163.125,57.91387033,4.2828846,0.031534668,-7.2888703,83.12859314
84.375,67.23394775,4.159683,0.030964658,-5.3589478,86.08687102
95.625,48.15366364,4.2754254,0.032567825,2.4713364,78.71898886
-95.625,44.2735281,3.439514,0.03867608,6.351472,89.9431685
151.875,45.56046915,3.1757486,0.044343513,5.064531,84.16732148
95.625,50.55291732,4.099639,0.026709447,0.072082676,66.13572453
84.375,56.88682365,4.440017,0.030917916,-6.2618237,65.60736841
174.375,59.44857883,3.6322167,0.03899253,-8.823579,78.78552857
-106.875,64.71508694,6.4888296,0.02267456,8.409913,75.63211219
95.625,50.53917689,3.193697,0.034261357,0.08582311,62.70515273
73.125,51.50911099,3.941808,0.03256772,-0.884111,86.67852249
16.875,68.45087004,4.1827354,0.029966611,4.67413,72.57125854
84.375,53.48092842,4.739116,0.022433031,-2.8559284,73.96394777
-163.125,56.5742197,3.9000552,0.037661426,-5.9492197,62.58253718
95.625,56.60519552,4.199702,0.02598379,-5.9801955,72.94296426
95.625,68.80464935,4.400455,0.031287663,-6.9296494,84.58265845
-16.875,48.04494309,3.0207734,0.041263793,2.580057,77.74507902
-151.875,47.52203894,4.8318877,0.02671866,3.102961,75.05897736
95.625,35.69073582,2.9055393,0.04497217,3.6842642,85.51160516
118.125,48.18184805,2.6487308,0.047998272,2.443152,88.13449343
-140.625,59.39482975,3.7183905,0.038739122,2.4801702,69.54140711
140.625,54.76833439,4.2805696,0.034648385,7.1066656,72.44177181
-163.125,75.20401192,4.9012017,0.030793142,-2.079012,89.40990831
-118.125,59.89022458,2.9941752,0.042688705,1.9847754,67.38381182
95.625,51.89043963,4.1930656,0.026823761,-1.2654396,70.03250454
-28.125,48.31947041,3.9519258,0.027938962,-8.94447,67.94237786
151.875,57.11041641,4.461197,0.031898107,4.7645836,71.30397841
151.875,33.9992795,2.9690073,0.042856254,5.3757205,67.48269247
39.375,56.08465433,3.963317,0.03236605,-5.4596543,87.64037705
84.375,84.80133566,3.7470381,0.036655065,-0.42633566,89.72353694
129.375,58.17560244,3.036534,0.041590262,-7.5506024,99.09666701
163.125,52.5497483,2.841273,0.045195766,-1.9247483,92.62751481
140.625,67.30055141,3.937342,0.041883573,5.8244486,93.70787998
95.625,58.74317884,5.160548,0.02718995,3.1318212,71.49436993
-151.875,43.1425724,3.9771852,0.03053262,7.4824276,70.42284302
28.125,45.88076639,3.6249151,0.040405296,-6.5057664,73.61901638
-5.625,43.58195448,3.479739,0.0366277,7.0430455,80.66915131
95.625,56.44756794,3.730791,0.03664364,-5.822568,94.81599621
-151.875,87.04438186,4.046002,0.031572714,-2.6693819,103.2776102
-129.375,57.75710678,4.0059204,0.036843333,-7.132107,93.00380359
95.625,64.63388371,4.2762465,0.034022626,-2.7588837,82.44093653
118.125,37.98043537,2.8156195,0.044096787,1.3945646,100.9065032
84.375,55.92856932,4.3193703,0.03233886,5.9464307,68.30178925
163.125,42.51862216,4.106799,0.028176978,-3.1436222,76.21138736
-5.625,41.1708591,3.108874,0.04315182,-1.7958591,78.45000235
61.875,57.08007383,5.249049,0.025519142,4.794926,70.6823424
39.375,54.40244699,4.981797,0.023450568,-3.777447,74.43133078
-163.125,64.75592232,4.9236755,0.026612518,-2.8809223,75.27231148
-151.875,34.4673543,4.2756605,0.026361428,-6.3423543,86.55206837
-16.875,56.15783024,3.757684,0.037695423,-5.53283,73.02802744
106.875,66.2293272,4.537294,0.028755514,-4.354327,75.78393363
-174.375,45.46693373,2.5934024,0.04616663,-6.0919337,80.07876341
129.375,53.27650261,3.6418493,0.04279153,-2.6515026,73.08520978
28.125,53.39217234,4.1845245,0.03146694,-2.7671723,70.72272248
-16.875,34.17439175,2.022428,0.04951029,5.2006083,86.6900177
151.875,77.68804884,3.9769177,0.034414627,6.686951,63.03306328
84.375,54.48801184,3.2220976,0.041099623,7.386988,67.46054217
-5.625,46.12749863,2.8216026,0.045990948,4.4975014,84.78156039
73.125,55.97245073,3.9500487,0.03533877,5.9025493,79.5292542
140.625,68.93781614,4.006501,0.035101052,4.187184,80.58832968
84.375,51.11798647,3.9287493,0.029050685,-0.49298647,68.51619572
-140.625,48.60617161,3.6193733,0.031706173,2.0188284,82.37449928
-5.625,63.82689393,4.92826,0.024415206,-1.9518939,73.27840851
16.875,56.70286846,3.968065,0.04214155,5.1721315,63.76297828
151.875,73.46865851,4.4349103,0.02956339,-0.3436585,65.928681
84.375,47.86538696,3.5888872,0.038781878,2.759613,86.06370984
-28.125,37.77424753,2.3182151,0.049827293,1.6007525,77.25408404
106.875,55.86824846,3.7514915,0.036895737,-5.2432485,69.28575996
-28.125,37.07048011,2.8492355,0.04891589,2.30452,68.88902842
5.625,59.41576219,4.421819,0.03373412,2.4592378,78.75630219
-174.375,46.12459373,3.0964172,0.048003644,4.5004063,87.76996623
140.625,47.21095419,2.6788018,0.04597069,3.4140458,81.42995925
-129.375,67.56163692,5.2805367,0.027187001,5.563363,60.90422992
-163.125,69.570333,3.8867593,0.03817178,3.554667,74.01544056
-151.875,59.44477224,5.642519,0.021466564,2.4302278,81.41553389
