161.7763002,66.36317697,4,0.03933,5.02,83.05
9.142870779,46.30499415,3.5,0.038449,-5.83,96.61
127.7025868,51.32333692,3.5,0.038731,-8.12,77.54
12.02338198,50.55826831,3.5,0.03754,0.17,66.54
166.2149209,16.46750558,1.5,0.070018,2.54,65.83
-78.76429934,61.87292946,4.5,0.044755,5.43,63.75
122.1208834,66.39046289,5.5,0.025119,4.52,64.42
-5.820321221,54.68941676,4,0.035452,-2.92,78.54
-146.9297219,59.07395408,4.5,0.03758,-4.68,93.53
-21.95135472,71.00918396,3,0.052495,-3,61.44
-3.923863023,49.48960089,3.5,0.041539,2.54,82.22
-46.09792644,40.00311238,2.5,0.047497,0.69,76.65
51.99274626,61.93382721,4.5,0.031559,-8.17,83.39
-54.76718083,53.93294376,4,0.034493,-2.43,86.77
-12.23854487,41.0414399,2.5,0.051195,3.41,97.24
-152.8431403,56.80989044,4,0.035071,1.74,63.53
124.8153823,59.07691933,4.5,0.02406,3.02,83.45
-124.6273723,55.38245097,3.5,0.041185,-0.67,99.66
-23.826045,45.52699082,3.5,0.043228,2.1,91.64
7.015827256,59.08464783,4,0.038712,2.51,95.8
-169.4997832,63.57917113,4.5,0.031926,-9.2,78.95
-179.5264049,63.29094878,4.5,0.034389,5.79,89.89
127.1594648,55.17750109,3.5,0.039857,8.99,69.02
-147.931217,74.78912911,4.5,0.034988,-7.94,60.48
130.7759346,56.73166454,4.5,0.029295,-3.3,91.01
-178.0650823,53.54605976,3.5,0.037863,-8.19,91.24
20.01473753,63.43067531,4,0.031418,-5.37,97.34
29.30776273,48.48393135,3.5,0.039828,-6.5,65.43
112.8843532,62.17570459,4.5,0.033833,6.93,61.69
31.86786975,86.60837074,4,0.028634,-5.72,79.18
-43.98114711,78.76385538,4.5,0.028457,3.77,88.95
-52.80233927,67.23182213,5.5,0.025497,3.6,80.96
-161.5306204,51.84951237,4,0.028489,-6.58,66.16
-27.69666106,41.61618488,3.5,0.048415,0.53,73.19
-92.18168989,63.28489771,5.5,0.024834,-1.66,73.5
123.4697917,55.20186207,4.5,0.025679,4.6,94.3
159.6623659,61.27003814,4,0.035373,-2.87,84.81
-150.4685831,41.73075271,3,0.038432,0.75,61.79
-172.0233047,41.73878127,2.5,0.049277,1.26,72.23
-60.01797913,78.44551069,4.5,0.028708,8.13,81.37
96.3044685,83.74628279,3,0.040218,-2.86,74.28
162.4306767,58.77216448,3.5,0.040093,-0.01,70.05
-177.8760805,61.59980197,4,0.041002,8.87,99.29
-160.6903934,56.78875001,4,0.035385,-5.15,88.03
-164.8327341,61.32755226,5.5,0.021763,-7.63,66.7
168.1652123,50.2312119,3.5,0.035482,-3.01,97.38
175.2341608,49.48851867,3.5,0.038483,-5.52,69.36
-73.2820438,74.33517908,4.5,0.029829,-7.7,81.82
28.73938965,82.20157525,3.5,0.03923,-7.98,97.62
119.0735868,18.729497,2,0.043304,7.51,98.83
42.28147837,53.04655546,3.5,0.04571,-2.29,72.15
162.7158388,65.5399093,4.5,0.034785,-6.72,68.4
-161.8072489,54.70652136,3.5,0.043157,-2.35,77.47
21.96739265,61.58933942,4,0.03181,-9.84,90.99
-77.63484662,41.62824051,3.5,0.037912,9.77,71.88
40.41764026,47.62558943,3.5,0.035643,-6.85,86.35
-47.04935956,60.27706826,5.5,0.023094,3.74,88.68
-43.97727176,52.94079089,3.5,0.041786,9.08,72.04
174.7135806,58.13051951,4,0.042072,1.56,84.38
-88.76191073,82.15463743,4.5,0.028133,-0.59,97.07
128.2055578,56.79041521,3.5,0.045136,1.97,75.84
-99.85345381,44.63743601,3.5,0.0371,-4.1,94.92
80.20137009,77.65709053,4,0.032257,-1.15,71.82
-174.3885111,78.31293362,3.5,0.03531,8,72.22
-43.76710351,50.06424167,3.5,0.040891,3.41,69.92
152.3456752,39.68718582,3.5,0.028059,-1.94,86.48
117.7276937,60.6043803,4.5,0.026637,6.54,81.65
-55.15290957,74.4131048,4.5,0.03108,-2.68,83.53
65.16180526,61.61642708,4.5,0.032728,-6.04,63.88
-109.3550044,53.51393477,4,0.033057,2.83,73.07
-69.30478411,73.20095269,4,0.033875,-9.98,85.8
169.7698727,55.67420124,4,0.033545,0.41,99.56
-22.22629764,41.62755597,3.5,0.048032,2.76,69.09
23.64622041,54.70340659,5.5,0.029653,-7.47,88.49
163.1450709,35.49381381,3,0.029023,5.73,61.29
-167.1089121,40.49882267,3.5,0.039966,2.72,67.28
-6.281306996,78.66203024,3.5,0.03542,8.8,78.54
-2.783139308,47.30271622,3.5,0.042476,-8.89,72.76
-125.9188711,57.10402411,4,0.040893,-4.02,92.08
30.52992128,45.70051033,3.5,0.03949,-8.28,64.28
64.30877584,74.00595162,4.5,0.025363,-1.47,67.73
-17.47190265,61.03773038,5,0.028103,6.22,89.53
-161.0710687,62.81629579,3.5,0.051783,-2.6,84.78
-158.5286112,45.71112279,3,0.043289,0.53,60.37
-166.8637035,47.63201578,3.5,0.037875,-9.05,82.76
156.892786,59.41696649,3.5,0.047393,8.3,63.18
-176.3431201,39.69355781,2.5,0.044022,1.13,74.66
158.0504892,38.24856474,2.5,0.048259,2.24,96.75
128.1126505,56.73484508,4.5,0.026739,-2.49,72.36
112.8145356,81.97317951,3,0.044018,-3.62,82.53
-50.14323003,55.19721429,3.5,0.051185,-3.32,74.91
41.45413151,80.35229549,4.5,0.02593,0.5,65.78
-37.96947958,44.50643025,2.5,0.052146,-0.33,77.41
-41.27816464,43.91374416,4,0.028191,6.98,96.14
9.171284285,47.3150349,3,0.051601,-1.73,90.54
-49.52545376,40.00173985,3.5,0.044562,-9.07,67.79
153.8023291,67.89021996,5.5,0.020913,7.93,69.89
149.0621863,40.31296765,3.5,0.032804,5.02,97.27
-1.855644365,38.96648197,3.5,0.047374,3.21,80.34
-141.020344,51.84840069,4,0.032011,4.13,88.58
78.87000718,47.93790516,3.5,0.037823,-8.18,79.95
58.48352894,66.08791925,4.5,0.031817,-7.31,78.97
-137.2267599,62.67516369,4.5,0.029801,-7.99,61.19
-116.1780164,43.41747567,3.5,0.031487,2.82,90.85
-149.5703554,57.72858263,3.5,0.055644,0.93,94.68
138.0491683,51.84826378,3.5,0.04977,-3.49,77.77
-105.8185972,72.38587506,5.5,0.028075,-1.46,66.88
12.3254217,59.59661983,4,0.036475,-0.94,64.35
75.35617591,47.69793759,4,0.035736,-4.24,87.91
-21.88063429,58.87166122,3.5,0.046378,-7.56,69.38
31.28921868,59.44578245,3.5,0.039228,-3.67,64.43
-56.08599688,46.01866998,3.5,0.050792,-9.55,79.96
-44.15965266,78.446729,4.5,0.026127,0.51,67.47
-168.9142711,44.73903446,2.5,0.057431,0.43,77.18
0.770878017,62.17673167,4.5,0.031214,-4.93,64.94
7.066843653,58.71570483,3.5,0.040684,8.73,84.82
-116.2074318,61.30764735,3.5,0.043785,7.52,63.67
-106.7246061,62.85876715,4.5,0.022658,7.58,88.15
-34.8037545,53.57122877,4,0.03261,4.71,98.06
-163.6517001,76.39309159,4.5,0.02535,9.25,89.95
177.7836656,62.81571964,3.5,0.052347,4.4,87.24
142.4143353,42.35187387,3,0.043472,-9.22,87.54
135.4349928,36.5825656,2.5,0.048401,8.04,78.61
-19.47692512,51.80277115,3,0.058014,-8.94,89.62
-9.91012724,69.99233076,4.5,0.031752,-9.05,82.17
-152.4828402,41.73450472,3,0.039629,9.59,66.41
-36.71408611,70.2847051,3.5,0.047223,3.96,80.69
168.9123737,63.32761597,3.5,0.04354,-3.17,87.9
-36.79414371,72.21361265,4.5,0.031665,9.99,96.39
144.194047,41.63793756,3,0.067287,3.69,71.25
-120.4047525,33.65946109,3.5,0.042759,2.43,92.48
92.90923692,70.8710499,3.5,0.038733,9.85,95.71
-3.802561315,67.17738311,5.5,0.018565,1.44,83.17
1.083532032,41.90377241,3.5,0.030494,-3.93,79.72
124.450839,37.750928,3.5,0.03184,3.51,90.52
173.1522216,56.5313432,4,0.038666,1.69,95.47
165.8219819,66.942935,3.5,0.045713,-5.87,71.3
-57.12741601,49.82851401,3.5,0.039321,-2.52,79.35
-20.56376541,62.53955637,4.5,0.032187,-1.75,79.24
83.64350825,80.97596408,3.5,0.031682,4.99,83.89
-108.4800885,38.26543418,3,0.032822,4.9,72.04
168.6023464,49.52668371,3.5,0.033127,5.31,66.07
7.009081002,50.8060654,3.5,0.037868,6.54,86.91
166.5993947,76.10312615,4.5,0.029859,3.05,77.44
63.15875174,60.64651221,5.5,0.023775,-5.21,75.03
-171.8903953,75.82482445,4,0.034865,-7.55,64.23
-136.0827319,41.15378187,4,0.029954,-8.7,91.86
14.32404942,53.06129826,3.5,0.046375,8.78,97.32
-55.97543152,58.26864836,4,0.047189,-5.28,72.45
-101.2594596,73.80321103,4.5,0.029791,-1.57,80.11
-136.9622282,83.19451908,4,0.031238,-9.84,82.65
30.54703996,69.00547054,5.5,0.022991,-4.6,76.35
-169.660815,47.57549165,3,0.054432,-2.89,77.86
169.7626428,66.93175788,4.5,0.038396,-6.91,78.71
43.91776014,75.08099379,4,0.03452,-1.55,97.17
-100.6051138,85.28803502,4,0.032057,-6.04,71.36
58.91233529,67.06936361,5.5,0.023525,2.71,79.03
34.26751494,41.96970031,3.5,0.037867,5.64,74.85
165.2526723,39.87187423,3.5,0.028034,-8.58,66.85
-26.44216733,56.95629297,4.5,0.030637,6.36,92.46
0.233436473,41.90399959,3.5,0.029496,-5.82,93.68
-171.7092763,42.81184139,3.5,0.030388,-4.74,67.23
-106.0168311,49.52429636,4,0.04441,-0.1,79.22
16.461719,65.29921912,5.5,0.029136,9.94,89.68
-57.46022105,64.66580252,5.5,0.02573,-3.49,65.26
-7.763844248,53.37877702,4,0.03988,0.01,68.81
12.24918537,44.9138236,3,0.049925,0.97,71.49
-100.6055773,85.34962981,4,0.028997,-5.43,62.76
-68.0771545,42.62959201,2.5,0.059192,4.64,75.18
-89.8777703,87.58497068,4,0.031882,-5,96.23
168.8546984,40.3199824,2.5,0.060542,-4.37,64.51
151.2767388,89.808708,4,0.027177,-6.97,60.42
22.1014149,46.04119214,3.5,0.043051,4.49,93.78
150.6614523,73.54411696,4.5,0.02892,-6.7,80.54
169.9127546,64.88224506,3.5,0.05401,3.5,90.72
-36.55970869,34.05669614,2.5,0.049177,-3,87.83
-111.9042226,74.40036965,4.5,0.026096,-7.09,81.54
-79.47531215,67.07114481,6,0.022335,-1.84,89.73
155.370587,76.54473904,4.5,0.044034,-0.07,78.4
147.2835775,39.50386227,3,0.039917,1.73,73.24
-103.693929,48.69132324,3.5,0.037056,-0.53,64.64
174.6570932,45.30778178,3.5,0.043635,-5.06,63.34
-85.07015894,70.38633679,6.5,0.03504,2.94,60.36
-176.945682,89.43072622,4.5,0.022671,-4.64,81.83
-26.02752001,34.06169705,3.5,0.026622,-3.47,69.89
131.0525297,47.37756686,3.5,0.039857,-1.98,71.53
41.3259735,42.85325667,3.5,0.037504,8.74,96.71
-71.18904572,60.87836713,4,0.041062,-6.28,82.65
-69.4422849,76.89401934,4.5,0.026542,-3.31,88.79
114.47494,53.33263844,4,0.03944,2.64,93.42
-76.23627874,58.03175476,5,0.025219,7.07,93.93
97.44107339,73.86280739,3.5,0.040556,9.25,91.15
-134.5499753,85.50101499,3,0.043069,-4.4,71.18
27.07150434,62.86936151,4.5,0.028975,8.79,92.65
-166.9437902,87.57998689,4,0.031563,-0.35,70.61
17.46397226,60.87015002,5,0.0265,-4.77,74.29
105.9382358,71.77571798,4.5,0.024992,-2.41,90.63
-148.7988024,69.01155736,4.5,0.033943,7.22,89.6
33.48332819,78.8248247,4,0.033302,-3.7,80.06
151.3206583,72.02589755,4.5,0.032619,-2.12,62.25
-145.6957002,34.99895558,2.5,0.036697,2.82,65.67
105.738911,71.86354728,4.5,0.027536,-9.64,64.95
15.03078854,34.78821554,3,0.031192,-1.8,95.08
72.86595785,78.56058297,4.5,0.027746,-4.04,71.35
99.03146758,65.05895878,5.5,0.021899,5.35,90.66
-39.93506139,76.33268704,4.5,0.02888,-5.76,67.37
-59.61364995,40.34875727,3.5,0.034515,-0.97,60.72
-98.59356188,69.49208725,4,0.030133,-0.73,61.19
130.9458839,85.30335862,4,0.029103,-4.67,68.79
13.29443737,44.38197825,3.5,0.03336,8.8,90.54
-178.3095106,85.27591196,3.5,0.03539,-1.78,86.75
160.3569243,53.90900425,3,0.058004,-7.43,62.67
10.18573844,44.92600619,3.5,0.034729,-0.07,90.11
122.0544867,69.00358512,4.5,0.02992,6.86,99.05
-81.40512745,71.76254902,4.5,0.022308,7.81,74.88
-169.0495214,52.37655059,3,0.058999,4.23,83.55
-168.3386682,69.48166798,4.5,0.027026,-3.2,65.66
146.7776479,54.70556952,3.5,0.038335,0.26,76.75
99.7145065,84.63239644,4,0.030745,5.25,69.99
16.83861716,51.68572959,3.5,0.046589,-2.7,90.82
-92.23744102,61.89808693,4,0.044742,-1.19,78.05
-43.10017652,60.28743688,4,0.047579,-7.34,68.07
-176.9601622,47.16508493,3,0.047907,-9.62,69.91
-32.17337514,76.35105752,4.5,0.032551,-3.53,97.04
-33.61326154,60.71875589,4,0.044123,-3.69,73.22
-86.38581479,89.42932314,4,0.033749,-0.08,73.15
-179.428226,75.8295272,4,0.027217,8.19,92.85
138.1710345,54.31867666,3.5,0.041157,-9.05,68.73
46.40750084,78.38600847,5.5,0.021215,5.92,86.79
-82.17624352,54.25959393,5,0.027929,-6.39,89.45
12.44710964,54.12771235,3,0.055255,-3.95,89.05
66.61967582,64.81128894,4,0.035739,-6.63,75.5
51.21264133,83.22400216,4,0.026754,-1.52,61.81
131.6261177,38.34890536,3.5,0.035279,-3.33,86.24
84.09992498,53.41757771,4.5,0.027965,3.01,63.49
127.8738859,51.84141999,4,0.03026,-7.06,89.51
-154.9265612,54.48430645,4,0.036068,0.99,91.63
96.27574502,74.94053227,5.5,0.023237,-9.9,65.86
-83.87523872,78.40968364,4.5,0.026155,7.33,74.76
161.7761617,88.14654459,4,0.029896,1.06,92.58
-81.08631528,69.00811731,5.5,0.026293,0.54,80.4
11.43718205,49.55998017,3.5,0.040748,8.06,90.42
-95.99998514,76.36977128,4.5,0.028586,1.51,68.32
-73.25198878,87.81365325,4,0.02932,1.05,82.33
16.25863288,56.52402964,3.5,0.049522,7.32,76.23
-14.04928969,41.81093918,3.5,0.031893,9.91,77.11
-31.69164918,54.03807416,4.5,0.029685,-9.42,60.27
15.61576282,74.07086088,4.5,0.025327,-7.17,81.38
-100.8731862,55.75557442,4,0.032109,0.27,66.72
-7.349670803,76.37562232,4.5,0.030246,-3.93,79.29
4.07315754,84.62611643,3.5,0.038828,2.43,91.82
51.8062469,78.39879011,4.5,0.030067,8.02,95.04
-69.6393335,65.79235452,5.5,0.024009,9.94,92.74
-166.4883524,85.68669296,4,0.02927,-9.46,66.42
-0.485084717,83.20525091,4,0.029481,-4.31,60.56
82.27678606,48.60639366,4,0.033529,-5.99,89.92
84.68100125,85.68510412,4,0.033384,-6.92,90.64
-138.5478318,58.15195126,4,0.036017,3.62,83.47
178.8204905,65.36059821,4.5,0.037094,-2.09,86.44
-82.84926794,56.32979859,5,0.028874,3.38,87.11
-32.38203229,39.51095445,4,0.02377,-6.75,75.16
-93.0720823,87.78942128,4.5,0.022931,-0.33,98.5
-140.5353234,43.17725184,3.5,0.031777,-5.39,64.19
-92.12861473,71.50897401,4.5,0.031316,-7.74,84.64
-133.2352587,35.41730896,2.5,0.039569,6.25,60.26
163.0855258,66.92982325,4.5,0.034068,-5.23,64.19
-150.0144775,59.94617211,3,0.033511,2.52,98.41
-97.52399512,76.38378901,4,0.029695,7.89,78.66
91.68651567,89.42970949,4,0.03512,-0.48,82.89
1.785361265,62.85143347,4.5,0.028876,-9.74,83.41
102.4328539,49.66757238,3.5,0.03234,4.76,83.43
34.74491644,87.4525562,4,0.026478,-1.39,63.1
23.3911886,46.04093305,3.5,0.043115,-1.62,88.64
-23.19767289,40.36070305,3,0.042983,6.8,91.6
46.46421161,62.53769258,5.5,0.029377,-4.03,66.26
107.6297855,69.00176815,5.5,0.022853,-8.3,95.98
-23.72067808,57.86683924,4.5,0.028738,9.59,90.79
167.3583736,73.81917802,4.5,0.028114,-8.07,98.72
-19.55496657,44.38108736,3.5,0.037869,8.84,95.33
168.2202877,62.52071724,3.5,0.042154,-1.96,72.64
161.0671252,64.64170303,3.5,0.041311,1.56,73.66
173.6526919,62.99053739,4.5,0.031482,-9.59,77.51
-46.51416334,63.65144958,5.5,0.024818,-4.31,91.07
18.58468628,47.30606074,3.5,0.034941,-6.56,76.29
-175.7318336,56.29082074,3.5,0.034473,6.12,78.26
-153.8100758,74.82011651,4.5,0.030617,-3.9,61.71
-74.88732069,71.77509509,4.5,0.030828,-4.04,89
-70.48147116,83.22085965,4,0.030064,0.71,96.93
138.4397266,53.23073357,4.5,0.028917,-5.91,71.63
-148.4602319,84.44651573,4.5,0.025008,0.31,88.83
-116.7696111,80.69835818,4,0.035334,2.82,77.07
163.0031069,42.73028694,2.5,0.04566,-3.86,91.18
172.9787687,64.80874867,3.5,0.041047,-6.65,66.66
165.8595506,42.13043355,3.5,0.030671,-8.99,69.37
-131.4864417,59.32433253,4.5,0.029707,-6.66,99.5
6.281304122,86.20735853,4.5,0.028675,2,87.54
-150.1512609,78.54957484,4.5,0.026703,-4.87,75.67
-66.64609076,50.15583903,4,0.033154,3.14,61.41
-29.96048539,62.63917184,4.5,0.032044,8.14,67.12
-96.60504388,76.50962236,4.5,0.028198,-7.51,83.6
-122.3291115,78.39641266,4.5,0.030774,3.3,82.01
-170.3546886,54.2615388,3.5,0.040468,-7.36,68.62
15.08590713,69.47899712,6,0.021219,-3.79,63.49
42.50378849,73.54063996,3.5,0.047279,3.41,88.81
-36.48336521,84.63370121,3,0.045099,-5.82,93.7
-132.7830282,32.95211889,2.5,0.043314,-7.07,62.97
-68.1473978,69.01005857,4.5,0.031889,-2.99,71.86
165.8789179,42.12680906,3.5,0.031832,1.34,88.91
-48.27715308,47.30834103,3.5,0.036603,3.29,99.44
-98.45326509,63.71974447,3.5,0.050265,-1.44,79.95
80.01976699,78.56202192,4,0.0309,1.06,64.32
-47.72281073,80.85366873,4,0.035555,4.98,89.51
60.94171324,45.92739624,4,0.032073,2.27,62.34
-37.4692449,88.35839261,3,0.04959,-5.98,96.54
-15.35224602,71.52405207,4,0.041335,9.64,72.88
144.3145191,51.99970288,3.5,0.043073,9.56,76.78
1.847870673,82.98594663,4.5,0.028049,-7.07,97.75
-126.4699923,61.82230878,6,0.022808,4.46,76.58
8.981134352,82.98855427,4,0.032933,-3.61,74.67
-74.48871075,85.11203275,4,0.031083,3.55,86.4
15.5384862,38.35413432,3.5,0.029157,5.13,70.66
175.2941178,51.20448698,3.5,0.034525,-5.6,61.14
-19.60604746,43.58817577,4,0.043899,-5.02,71.66
-100.2657757,60.43595084,3.5,0.046489,-8.28,65.08
-38.44647936,53.20493234,3.5,0.051405,-4.05,90.92
7.633503164,87.57038313,4,0.025638,2.32,87.99
-98.58059939,66.93338358,5.5,0.028138,-6.64,62.47
36.63974732,49.83723535,3.5,0.054094,5.43,60.87
-108.5663206,66.93498047,5.5,0.025574,-1.43,94.92
21.91418586,59.32834718,4.5,0.033041,2.92,73.45
-121.3526601,54.25114958,4.5,0.028826,9.97,93.15
-25.39086508,33.13123342,2.5,0.037233,-4.07,72
-4.998046063,85.54298976,4,0.030387,3.54,91.3
-16.62512091,47.65881882,3.5,0.03809,1.98,94.06
105.7901154,71.86344637,4.5,0.028366,5.12,94.96
-78.1178477,87.45803902,3,0.041862,-1.18,86.55
-75.5608599,53.37584169,5.5,0.023925,-4.26,74.29
173.6903783,45.90626421,3.5,0.037586,7.49,83.97
43.91946633,41.20875833,3.5,0.030839,-3.39,70.65
-52.4034555,45.25691125,3.5,0.040521,-4.61,67.71
176.4324389,49.41809864,3,0.058053,6.75,75.01
-167.126407,68.5193003,4.5,0.030608,-3.31,89.32
-62.98007398,76.58093966,4.5,0.028498,6.17,76.32
-99.2020137,54.311017,4.5,0.02994,-8.2,72.67
-178.0735002,65.35929894,4,0.041492,-4.6,71.24
119.3956225,78.55182295,4.5,0.0285,-7.62,89.15
-129.7236533,54.61816799,4,0.032738,-2.63,60.43
70.64061182,47.50363009,4.5,0.040682,-2.63,78.24
176.9513287,65.16171748,3.5,0.049491,-2.8,60.29
-141.9398311,60.71231261,4.5,0.031372,-6.55,63.41
2.558495578,39.64674816,3,0.031429,-1.11,85.68
54.25666507,52.65858495,4.5,0.027054,0.52,92.37
13.20677441,53.5268609,3.5,0.03867,-0.69,82.15
-79.03815231,53.89759402,5.5,0.023726,8.65,67.49
94.73271279,78.55979302,4.5,0.028247,4.33,99.27
-81.94607343,54.2595874,5.5,0.024787,0.18,81.36
119.7517523,42.73186754,3.5,0.038487,-6.87,92.91
13.4782843,63.90658319,4.5,0.033146,-4.92,63.99
-108.0230599,53.55442388,4,0.035791,-3.89,91.27
-47.17071081,72.81711992,4,0.030822,8.69,88.71
-137.5889039,32.62157844,2.5,0.031788,7.03,90.75
-31.49305781,37.74041552,2.5,0.041542,7.47,70.95
-106.1520112,54.63688113,4,0.036479,-3.87,89.07
-101.6411594,87.7393384,4,0.031601,-6.29,73
89.80542668,54.34550907,4.5,0.031509,1.49,71.98
-148.3188337,70.50940564,4,0.042282,-8.89,86.54
88.29275902,61.32059191,5.5,0.037166,-5.79,78.36
32.58616928,39.8769803,3.5,0.031135,4.14,90.12
-13.91508172,73.81965145,4.5,0.030961,-1.36,84.73
-163.9662442,74.07391108,4.5,0.028954,8.83,89.09
96.12670205,74.94051079,5.5,0.023956,-9.51,87.89
-132.9024321,56.37057049,4,0.038304,-3.57,62.2
19.20008858,87.7915908,4,0.02711,-2.59,93.89
-91.5503344,68.51382276,4.5,0.033215,9.86,65.62
60.13278154,72.00210744,6,0.034613,-8.06,86.12
80.45699728,64.65257351,4.5,0.029224,-6.52,74.01
-40.36848064,44.02294073,3.5,0.03489,-5.79,89.38
-126.8480525,37.73947693,3,0.036546,-9.56,75.51
62.2263784,76.28140765,4.5,0.028539,-9.32,91.43
-163.0697943,58.72117573,3.5,0.05089,0.78,64.69
-117.4549449,59.32132805,5,0.02615,-8.92,68.77
161.4860962,37.13962482,3.5,0.037922,6.08,99.56
102.6651458,81.70063139,4.5,0.02405,-5.51,89.71
-45.38573161,62.28534746,4,0.038361,-5.73,73.01
45.30297045,53.33287874,4,0.032558,4.87,62.84
122.6453828,53.2131152,4.5,0.026672,1.12,69.3
-132.5149579,57.93647056,4,0.035028,-6.73,87.99
1.712640365,84.62657438,4,0.032692,3.31,86
20.07793694,89.79923794,3.5,0.036206,-4.07,93.33
-168.6441407,80.70400697,4.5,0.027533,1.12,77.7
64.7703027,76.66691696,4.5,0.027456,-4.33,85.41
27.29259118,41.75878075,3,0.03039,1.82,81.57
7.783181634,87.82092517,3.5,0.037451,-9.87,83.85
169.6301177,42.61015535,2.5,0.066253,-0.64,87.68
166.1127719,80.69499843,4.5,0.027411,7.51,76.73
168.3401392,42.82771169,3,0.032299,5.11,71.94
-131.2753617,52.94960608,4,0.033014,-1.33,97.7
-119.6899557,57.94092751,4.5,0.034833,1.36,68.72
0.643733628,52.65488521,3.5,0.041059,-2.25,63.75
-101.1093927,51.06166926,4,0.036495,7.02,70.91
-73.15905769,41.7825515,3,0.040217,-4.18,67.23
-1.301239863,71.77939913,4.5,0.02394,-1.94,89.14
-84.15154215,83.21148631,4,0.029153,3.68,89.8
167.0636506,76.29050615,4,0.035632,6.9,75.81
-91.23650503,45.99767655,3.5,0.03959,1.41,85.65
-74.72518384,74.06683937,4.5,0.03216,-0.39,98.36
-93.88354379,78.6679265,3.5,0.031447,-9,60.85
-80.52808816,45.74095391,4,0.028566,-4.83,96.15
-0.335710854,52.65653722,3.5,0.041771,-4.29,82.63
60.25192187,78.82969961,3.5,0.034911,6.68,95.48
-171.3435962,64.99280703,6,0.021458,1.72,65.4
-131.312226,52.94832105,4,0.033687,2.86,71.46
64.12771879,50.9187508,4.5,0.027296,-4.7,78.55
95.92232402,89.42918512,4,0.0322,-7,92.9
-18.31689137,89.73408457,4,0.028949,-3.59,79.44
28.96644883,45.30637962,2.5,0.065471,7.38,83.36
178.9417184,43.2770376,2.5,0.049784,-1.61,95.88
-110.7821826,54.63497582,5,0.031648,-5.46,95.83
-34.78420505,78.75719323,4.5,0.026181,-7.18,73.03
-80.38587242,72.64637291,4.5,0.033721,-5.04,71.29
150.6321147,47.75835003,3.5,0.045059,-8.32,71.99
28.22968087,82.71167716,4,0.029749,6.98,93.27
35.50553469,73.19209198,4.5,0.028787,3.87,76.06
27.80897499,48.484853,3.5,0.034136,1.38,75.41
174.8062718,83.8272283,4,0.033063,0.69,63.43
-12.54655063,80.57181935,4.5,0.025734,2.57,97.18
-100.7330286,62.18493295,4.5,0.032387,3.34,68.19
-98.90120411,59.03445563,3,0.061585,7.52,60.51
-17.78863015,62.98149349,3.5,0.046913,8.92,81.31
11.69013119,46.59518523,4,0.027608,4.23,91.6
131.361885,51.8562262,4,0.032358,-4.05,66.35
130.6536222,57.7327137,4,0.035729,8.1,77.03
25.1623708,60.59699784,3.5,0.040631,-1.86,80.16
-153.8945936,43.74469468,3.5,0.032837,-6.79,73.77
-124.2695802,48.20799675,3.5,0.036536,-9.47,65.99
-8.809506965,59.42278366,3,0.057925,2.07,73.22
37.77169408,53.54679246,3.5,0.038625,9.93,78.28
-163.122056,49.49909286,3.5,0.051936,-3.79,73.72
-59.35134026,49.51670678,3.5,0.037187,-9.87,68.98
-114.1543609,56.24441847,3.5,0.049635,7.8,67.24
-17.58683013,60.28469427,4,0.035369,0.75,81.03
-153.0673753,56.26824807,4,0.034151,-7.63,82.14
-110.8842876,84.526798,4.5,0.02436,3.27,85.61
-53.35886655,50.06754933,4,0.03599,2.85,89.31
-20.85031677,43.74596253,4,0.026901,10,81.02
-161.8964632,50.23145272,3.5,0.03893,5.85,71.99
-41.20234438,85.68804173,3,0.045188,-3.91,73.3
135.6517463,38.32106753,3.5,0.049378,-4.95,80.81
-144.7339056,47.63946786,4.5,0.028606,-4.68,60.66
-55.5230193,68.20882438,4.5,0.032693,4.46,88.34
-85.22805227,66.39961401,4.5,0.035322,1.78,93.61
-101.9541972,59.42127966,4,0.040603,4.89,74.5
-65.29884162,45.2866663,4,0.028658,-6.34,67.17
122.4807882,43.73173268,4,0.025301,-8.97,92.69
-72.86726301,63.57796469,4,0.038896,-3.57,67.5
170.7980844,68.73231147,4.5,0.047592,-8.36,96.11
54.30357074,43.29009518,4,0.033552,-7.58,71.64
-146.8878645,46.01186183,3.5,0.039029,1.34,94.39
163.0748586,48.23653083,3.5,0.037423,0.47,94.89
172.951492,63.5776187,4.5,0.042257,4.31,83.3
-97.68117537,62.48473187,4,0.038373,1.77,79.12
-139.0509963,78.27613326,4.5,0.025815,-3.5,65.01
-78.89374139,78.45081777,4.5,0.025225,4.66,73.39
145.895047,69.27236944,3.5,0.044056,-9.21,72.06
-169.1338043,43.75102937,3,0.040992,8.92,63.01
-20.04233256,59.47126721,4,0.039112,-9.14,66.62
-165.2099279,41.7457781,2.5,0.046507,1.68,78.1
29.10847318,60.60149439,4.5,0.028389,7.6,94.99
-120.3152666,83.32252683,4,0.031245,-4.37,89.86
-19.07678842,44.951418,4,0.033225,1.57,96.75
-149.0494773,43.74409273,3,0.040626,1.72,97.37
179.6060738,40.00927022,3,0.035897,2.61,81.59
-44.20566638,36.58301187,2.5,0.054244,6.05,86.81
-27.12799731,61.31104164,4,0.035794,5.43,61.32
-125.8924478,59.07411648,4,0.040166,4.85,66.26
-16.0729464,62.85935266,4.5,0.029046,3.17,93.32
44.03716525,56.7918892,4,0.036459,8.17,83.36
-162.1630364,56.27417153,4.5,0.032581,-4,69.99
42.12429213,47.71261366,3.5,0.033769,5.04,70.9
163.3390677,62.85970099,4,0.031505,-5.36,61.7
170.662144,64.75437383,3.5,0.052169,5.18,79.23
141.1739024,36.58491858,2.5,0.056632,0.29,66.56
-74.48574257,78.45184474,4.5,0.025447,-7.2,69.7
149.6645428,40.02872772,3,0.043379,-8.99,80.89
-43.04322812,60.56930931,4,0.045638,-6.42,82.21
118.0420686,77.25478764,3.5,0.034406,-6.2,70.06
-151.8683961,41.73091979,3,0.039241,-1.79,78.77
108.8790844,59.4468461,4,0.032846,-8.6,87.72
-162.8758734,49.51264968,3.5,0.045671,-1.04,79.06
63.00983743,57.74675836,4.5,0.027475,0.83,84.55
-174.1761128,76.19654206,4,0.031222,-2.71,84.97
-75.34018224,43.87531775,4,0.02673,4.32,95.9
86.33113279,69.991838,4.5,0.031017,0.8,87.22
26.87022415,56.27299404,3.5,0.055137,7.55,98.14
-95.79010171,61.00186775,3.5,0.039505,1.8,69.8
-168.3918763,56.61769048,3.5,0.046297,6.39,85.32
-73.03446208,46.56634547,4.5,0.027889,8.53,96.47
158.5715059,62.98197286,3.5,0.041855,-9.2,88.86
-106.0589991,71.48735438,4.5,0.034073,-9.46,63.15
-145.7090455,39.68430552,3,0.041346,3.9,95.69
-85.71998926,67.76829059,4.5,0.028931,6.4,72.99
-135.227542,53.5652178,4.5,0.028406,-2.58,96.4
-34.79808458,61.59329731,4.5,0.031317,0.52,92.4
-158.3709372,59.03731479,4,0.037229,-6.81,75.34
-24.61253272,46.60205791,3.5,0.033211,-7.61,94.45
-46.73883904,46.30806591,3.5,0.034745,-3.87,64.54
175.4185804,56.02160224,3.5,0.0395,4.15,99.49
57.5779571,80.3823998,4,0.028446,-8.78,99.1
-144.7158829,49.50659964,3.5,0.036514,-2.42,89.94
140.7820606,74.19318458,4,0.030082,2.74,75.92
152.7264057,68.204139,4,0.039348,6.59,98.85
-6.963335473,72.18492941,4.5,0.030947,-1.44,91.42
168.2912385,41.62411926,2.5,0.056609,7.13,80.1
39.89455315,55.19462308,4,0.03379,-8.16,65
83.2452786,67.77450201,4,0.032933,-2.66,76.97
-5.860777713,45.51052633,2.5,0.049892,-6.88,84.76
-17.04940091,57.70220862,3.5,0.039111,-3.35,69.2
168.9161968,38.33163792,2.5,0.045627,-7.46,74.64
135.9054257,68.45842686,4.5,0.032386,0.46,88.28
-41.92777896,34.78987454,2,0.06645,9.65,96.58
145.4600235,70.467832,4.5,0.035777,7.3,99
-163.4702298,46.13695862,3.5,0.044564,-3.12,66.41
-144.4946416,62.17606566,3.5,0.042946,8.73,78.63
10.90556579,45.31624863,4,0.02685,6.57,63.42
-40.47866859,47.69919818,2.5,0.057629,-7.52,91.67
-7.519324201,58.12750983,3.5,0.048854,4.36,96.87
-45.37379129,38.25333871,3,0.039751,6.29,68.12
56.44713072,57.72291085,4,0.034389,-3.46,60.34
64.64243718,56.73093317,4,0.043196,-9.4,68.96
-39.98190967,57.74635523,4.5,0.028373,9.68,76.69
-125.7176888,67.20648463,4.5,0.029379,-6.38,70.87
-24.5328642,45.32751526,4,0.028135,5.18,97.46
-140.9492356,72.65949352,4,0.040685,3.7,84.05
143.2432828,80.57998975,4,0.039344,1.51,76.37
-163.1560852,43.74742469,3,0.049921,-2.82,62.44
-8.060551679,46.69925379,3.5,0.040829,-4.12,78.31
127.8142472,62.69947334,4.5,0.030782,7.89,97.87
-31.804926,45.06211369,3.5,0.04104,-1.16,96.6
-105.9395376,72.45569643,4.5,0.035773,-9.95,84.78
128.0982173,43.16091075,3.5,0.057748,1.75,91.59
-105.7436742,69.99122931,4.5,0.034138,7.8,64.92
-126.182511,48.21451853,3.5,0.034643,9.73,83.75
-102.5910305,31.08096588,2.5,0.030896,-3.25,98.85
159.7252232,45.16837853,2.5,0.04927,-7.58,60.53
-155.4213243,59.45109583,3.5,0.040396,9.53,78.91
-158.2250115,36.153444,2.5,0.041663,4.85,85.02
17.65395348,78.45170875,4,0.035674,-5.4,70.65
177.0061817,78.47653638,4.5,0.028566,2.18,91.13
50.56378153,85.69962541,4,0.030905,-5.64,80.94
162.1861788,70.92697144,3.5,0.041225,6.71,68.4
18.30138666,51.30724384,4,0.037214,-9.14,74.61
11.20964082,65.37901941,4.5,0.032905,-2.39,68.87
-116.8238556,68.12006314,4,0.034628,-7.8,67.51
-14.73753418,62.135508,3.5,0.0496,-6.77,70.52
-36.78826714,50.06232645,4,0.031143,-8.67,74.5
106.1385071,62.40615523,4.5,0.025579,3.05,94.3
-118.537412,77.64548396,4.5,0.029682,-3.76,75.09
-18.24187543,61.03748614,4.5,0.030144,6.77,96.16
-135.9593923,55.19774826,4.5,0.028398,0.54,84.57
-75.64742267,63.62020998,4.5,0.032503,4.58,61.93
78.9482306,47.61847139,3.5,0.038262,9.65,79.77
-123.1822721,32.27855634,2.5,0.032431,5.97,89.26
17.58932647,61.59170692,3.5,0.033107,2.77,72.84
152.5526836,53.54695338,3.5,0.04359,-3.24,60.4
8.222677417,68.20244073,4.5,0.03267,4.94,75.49
48.29658796,69.49872746,4.5,0.029462,0.63,73.89
164.8656008,58.17750331,4,0.034178,-4.85,62.29
-141.6600739,56.27349953,4,0.033656,-5.8,73.92
-56.17994256,38.33011724,3,0.036164,3.71,87.93
155.7997304,39.12910721,3.5,0.030412,-6.77,67.65
-2.483118349,61.32197024,4,0.030054,-9.66,75.96
-85.06094321,49.16672592,4,0.051751,3.35,98.87
131.4151605,74.7000264,4.5,0.028832,5.45,97.92
16.75065183,62.40079265,4.5,0.029629,6.93,86.34
108.3058111,47.63128001,4,0.032837,-5.74,79.21
-155.686574,56.93257021,4.5,0.031716,8.35,70.45
-168.5776765,43.73768968,3.5,0.033448,-7.02,62.39
-121.4045416,57.74243345,3.5,0.038701,9.14,60.48
-25.68949975,56.49094512,3.5,0.043264,1.36,75.99
-48.00802288,41.61785591,3.5,0.047266,-1.95,87
7.992583139,48.06999036,3.5,0.037863,-4.37,68.05
109.5958177,39.68688393,3.5,0.029381,-2.5,94.78
-87.4218234,58.77619269,5.5,0.023502,-6.8,83.76
-168.2961731,59.08041945,4,0.03992,-0.92,82.29
-1.915358811,59.41965583,3.5,0.043071,2.26,95.99
-16.37318044,62.85956019,4.5,0.026452,9.14,89.66
-41.24070842,61.27905836,4.5,0.028962,-3.17,64.23
-148.6096691,67.73308761,4.5,0.032026,-4.87,94.69
-170.2605537,60.23166555,3.5,0.052748,-5.29,65.68
47.05841502,82.21069761,4,0.035465,4.14,80.16
-19.5061545,66.42886819,5.5,0.022925,-8.26,86.32
-79.33875484,79.67753396,4,0.034949,-4.06,73.86
153.4000428,47.97527003,3,0.044005,-6.55,78.53
-86.92736535,63.28909598,6,0.025549,9.98,99.2
-94.76445401,72.65276095,4.5,0.038254,-3.36,92.22
104.7612208,62.40654727,4.5,0.026807,9.41,89.16
-162.7760829,49.5124034,3.5,0.042011,0.71,90.14
147.9695262,46.30385893,3.5,0.038879,9.51,88.27
139.2281658,74.19428653,4,0.030338,-7.44,69.72
39.40373266,75.3248946,3.5,0.038037,-4.98,69.25
8.799511539,45.28065071,4.5,0.022586,-1.67,77.69
-163.7422114,62.85825862,4.5,0.030308,5.53,67.4
81.38783759,65.74650302,5,0.040185,9.7,81.31
-95.26709262,63.58736847,3.5,0.036109,9.25,60.9
-104.5141734,34.80201191,3,0.03041,-2.31,78.2
53.04092889,80.62242954,4,0.029842,7.47,96.97
24.99618231,47.94217709,3.5,0.037723,9.81,94.88
173.1146777,63.57567196,3.5,0.049991,-7.03,79
146.0256102,54.85058948,4.5,0.037825,-5.14,63.26
-60.58306511,47.29654962,3.5,0.048111,-3.15,60.1
-129.5797084,50.06245765,4,0.027582,4.55,69.58
-95.81009095,63.33242099,4,0.030179,2.13,64.53
-178.4012793,34.79976423,2.5,0.034935,4.82,62.28
-134.8335958,53.64942053,4,0.050473,3.02,85.51
-171.6489135,60.28480803,5.5,0.022372,-5.96,91.04
-145.0965427,53.04748843,3.5,0.050331,7.84,75.7
111.5700491,70.39193331,4.5,0.029293,-6.41,78.92
69.75164926,57.64829414,4,0.040138,1.36,96.38
-61.80062542,51.84814415,4,0.034653,-5.74,96.69
-116.5833918,61.31620321,4.5,0.030944,2.54,79.63
12.72804121,59.03529461,3.5,0.041458,7.82,80.69
179.7833708,49.17150062,3,0.054502,2.2,92.25
161.7390507,34.03037347,2.5,0.048837,-8.87,73.14
-69.50894113,50.04962903,3,0.051686,-0.85,85.09
5.917931163,56.70735513,4,0.037057,9.06,80.65
28.68854653,60.6015646,4.5,0.028296,2.21,62.83
147.1970417,51.82193778,3.5,0.044739,2.31,73.72
-2.480235708,63.54180539,4.5,0.029229,8.11,97.54
-9.009679975,63.02034919,4,0.044333,1,76.94
136.9315855,38.32262688,2.5,0.054251,3.13,72.58
127.3251356,45.69955311,4.5,0.023651,-2.83,97.32
-84.01826927,46.56671469,4.5,0.026707,-8.91,88
-23.85579274,56.20804643,3.5,0.043608,-0.33,89.88
-37.06386655,65.56484001,4.5,0.03384,-5.07,65.24
-160.5228924,77.40864909,4.5,0.033642,7.77,65.13
169.7925879,64.3968012,4.5,0.032579,-7.62,76.54
-43.74445187,46.30279873,3.5,0.036831,-0.14,84.52
119.7174574,18.72610043,2,0.042139,9.18,66.67
-51.24763456,41.61761243,3,0.046794,-9.42,65.39
-179.8276506,45.72788447,3.5,0.039098,4.61,74.54
-175.9074474,37.61988606,2.5,0.040533,1.53,99.46
-7.31147345,49.49802143,4.5,0.029495,1.69,71.36
-137.1298307,48.16002297,3.5,0.034831,1.87,88.29
-148.1578118,43.74569385,3.5,0.035608,7.58,64.1
148.5647684,61.31445673,4.5,0.021658,-1.48,70.49
-101.7911615,61.55815974,3.5,0.049228,3.4,67.57
-20.1832754,45.32798413,4,0.027781,1.12,73.32
-11.13080441,56.49221738,4,0.037493,2.27,66.68
71.08617887,51.30810331,3.5,0.048761,7.53,81.81
-152.4437179,46.30171629,3.5,0.031719,6.31,99.05
-52.60464648,44.62766169,2.5,0.053073,-1.09,72.65
53.00678038,78.27496952,4,0.033538,-5.54,82.15
-127.7731205,36.62614908,3.5,0.032663,-7.37,96.1
-161.9412221,43.74230668,4,0.028327,0.04,97.13
170.7004403,54.89305494,4,0.036336,2.1,79.72
-105.4343975,34.80195159,3,0.030577,-1.97,70.33
71.73974663,51.29136853,3.5,0.049355,7.76,90.07
-123.0836712,67.96213594,4.5,0.026748,-4.35,84.47
-112.7636111,76.44342505,4.5,0.032525,6.09,88.07
-35.77473087,32.95678129,2.5,0.053336,-8.36,76.29
-143.8079641,57.62458544,5,0.026223,4.67,60.39
-40.5055645,50.06639659,4,0.030432,8.97,68.1
-38.97909443,59.06615608,3.5,0.044385,-9.7,68.87
-146.445901,45.69856159,4.5,0.02399,4.34,91.22
-94.41877018,62.86099589,4.5,0.029095,-6.73,70.59
130.8353732,47.93526118,4,0.031639,2.8,65.06
5.245530068,63.54109048,4.5,0.030484,-1.2,95.18
-155.0282947,48.21005256,4,0.02569,3.97,83.01
-70.22955485,61.31774178,4.5,0.030464,-8.66,74.25
23.32261856,48.80922563,4,0.030835,-5.23,82.22
-3.744058946,23.20138879,1.5,0.045899,-5.81,67.48
176.9876988,68.08676372,4.5,0.052031,4.27,98.99
-12.76613598,59.4189204,4,0.041389,-8.13,60.64
-177.0938285,68.72142753,4.5,0.050063,-6.08,88.26
-57.19827219,43.91381818,4,0.028816,0.09,83.14
4.9492704,63.43130188,4.5,0.026495,9.59,93.67
-16.84081569,57.72678937,3.5,0.043767,-2.44,96.91
-137.4268794,83.33562843,4,0.031605,-1.26,76.41
9.354985666,78.25701426,3.5,0.044919,2.37,75.1
-114.6973611,63.42716,4,0.034428,2.7,94.93
-127.5702915,50.06208576,4,0.027205,-3.09,71.93
-25.1151325,61.30977961,4,0.046017,2.58,65.03
-85.56775883,53.11781273,3.5,0.049396,-4.27,99.83
177.6853603,83.9575266,4,0.039237,2.67,98.92
-65.31558077,84.00811732,4,0.028954,1.45,87.61
154.4405582,61.30511459,4.5,0.033892,-4.64,93.19
29.27563738,59.44744702,4.5,0.030118,-4.65,94.02
-2.020669352,72.01537233,4.5,0.027633,-9.47,70.81
-178.378209,65.80186185,6,0.037078,9.5,99.56
-93.71930597,53.59228598,4,0.036134,4.12,85.53
5.720142542,84.61999133,4,0.029627,4.28,96.18
78.28150685,49.75548575,3.5,0.048615,-6.02,88.43
-108.3118956,60.27805375,4.5,0.033228,6.14,91.98
-19.61342919,53.1756167,4,0.034473,-1.32,63.09
-158.9717717,45.91945232,3.5,0.033952,2.92,94.8
-116.5389149,43.17125263,3.5,0.038182,-9.83,77.25
-46.00718592,41.61696257,3,0.045582,5.6,76.35
32.50665652,59.44990439,4.5,0.028719,1.85,72.47
-56.22387708,83.27666523,4,0.031606,-2.23,88.64
-77.39504968,65.97572383,5.5,0.025757,5.91,96.21
-151.9356887,77.57891997,4,0.031464,7.78,91.6
-106.6518674,59.03433414,3.5,0.049609,2.15,68.29
-154.7039341,62.84708396,3.5,0.050712,-5.26,71.58
-81.42022404,55.1773957,3.5,0.038275,7.26,68.89
-41.55278061,50.06201666,3.5,0.037387,3.78,79.68
34.83242274,59.44956894,4,0.032166,-6.06,90.61
84.57705279,53.03229463,4.5,0.031236,3.1,72.07
-159.0784696,45.71129181,3,0.04536,-7.68,76.65
-59.83148128,52.98969571,5,0.029371,7.79,78.72
-22.88872018,53.92887057,3.5,0.046816,4.13,75.47
70.37679967,51.29448733,3.5,0.039484,-6.81,88.62
-89.17228618,56.51235556,4.5,0.027534,6.21,61.94
128.8585087,63.54439812,4,0.037431,-5.32,66.92
-141.6637291,49.50815993,4,0.035722,-7.82,74.15
-166.3213885,59.03676667,4,0.034349,-9.3,84.07
-127.6348909,83.72329856,4,0.030757,5.89,99.86
55.59149571,78.44800551,4,0.030553,9.86,98.82
-76.74307361,58.77424011,4.5,0.031213,-3.26,75.7
-79.45481147,59.5970565,4.5,0.029484,-3.46,64.82
-130.9265164,46.30687073,4,0.035179,-1.9,73.43
51.1170568,48.21270062,3.5,0.037235,-0.21,66.98
158.9855929,64.4771226,3.5,0.043806,7.85,94.8
-163.1216222,61.59280233,4,0.029264,-2.39,78.42
176.4802595,82.10678719,4,0.041408,6.05,97.92
5.089252133,53.04621806,3.5,0.041126,-9.3,68.04
62.32819229,76.23621711,4.5,0.027565,-8.8,80.78
83.4282833,56.20810702,3.5,0.047578,2.85,80.85
-55.58948012,58.15588208,4.5,0.029801,1.75,60.37
-61.51769879,46.63542704,4,0.035912,-9.7,72.19
96.55970383,81.97239184,3,0.046357,-5.18,86.77
-15.64221582,36.5924544,2.5,0.052944,-6.98,77.02
31.80494393,62.76717092,3.5,0.049828,-1.57,87.75
33.35057882,55.20014942,3.5,0.036618,5.59,80.75
-42.64651211,38.27385651,3,0.039793,4.47,94.09
26.14887812,55.61997427,3.5,0.047899,4.06,91.87
-128.8406414,43.17055209,3.5,0.034716,-0.15,60.95
-5.90452248,63.58181438,3.5,0.04362,-3.66,82.26
-22.59426661,62.1804165,5,0.026419,-3.44,83.53
-121.7667396,60.26819481,4,0.036959,3.49,94.98
3.816687959,47.30332647,3.5,0.037643,-3.01,82.11
15.76321262,51.83454028,3.5,0.048145,0.53,77.83
-169.379851,63.57894477,4.5,0.030777,-7.18,94.45
-41.48688398,73.36685666,4.5,0.032185,-8.53,69.02
-176.9471057,62.36525928,4,0.045161,-7.24,91.82
-145.5659237,45.7162085,4,0.030211,-2.97,90.23
8.507239342,61.23400518,4,0.038117,8.33,77.47
-107.0778356,58.78144237,4.5,0.029763,6.64,83
-34.3337277,58.12658108,3.5,0.046185,-5.15,62.06
105.7786929,62.40612934,4.5,0.025849,-4.21,90.7
41.96226708,55.20093686,4.5,0.030931,-4.78,64.72
-2.1048605,63.59231986,4.5,0.030407,-6.25,99.33
178.1902465,43.80840166,3.5,0.038103,0.51,86.55
-47.29538344,55.19589328,4.5,0.031156,-5.18,62.97
-149.0292208,41.73017585,2.5,0.049882,-7.54,98.14
82.19468743,51.30803645,3.5,0.040217,-7.17,80.76
-162.5477624,57.70497457,3.5,0.044763,-7.57,83.63
177.301022,41.61768424,2.5,0.043142,3.08,65.65
-147.6218165,57.39271491,4.5,0.052747,9.77,88.2
-34.85376743,50.06644774,3.5,0.035704,-6.25,71.85
-160.0130103,39.68707066,3.5,0.030191,-5.18,76.58
-108.0156277,46.62845819,3.5,0.073361,9.31,91.95
4.4145134,56.70924754,3.5,0.040707,5.54,93.07
-58.99592993,60.30081237,4,0.038539,3.58,77.85
-93.98900219,49.94491073,4,0.039715,-7.17,90.72
-177.4182637,63.42523342,4,0.033077,-3.85,66.41
-48.05023814,53.05877091,4.5,0.030017,8.1,62.03
-70.07818529,61.59599211,4.5,0.027488,5.72,90.43
-103.72517,63.32483733,4,0.040495,0.29,97.02
128.9994275,56.73216873,4.5,0.030734,8.57,69.52
-53.21849033,55.19754865,4.5,0.026831,-6.57,83.92
-126.4033106,48.21400284,3.5,0.038546,8.66,60.26
-46.15048023,55.89248787,4,0.037974,1.32,65.08
123.9910224,51.85561611,4,0.034322,7.55,67.1
-178.7851362,83.1680792,4.5,0.027471,0.32,66.88
-21.82998838,55.62043975,3,0.069723,-5.49,84.73
-10.36666608,56.62027446,4.5,0.04524,-5.76,90.98
6.546559173,59.03914294,2.5,0.072662,0.94,81.11
-159.9505284,57.04225507,3.5,0.048747,-3.54,76.89
126.4264128,56.73334883,4.5,0.026945,-2.92,64.09
-97.14865599,70.48546869,4.5,0.034419,-5.38,76.15
58.41899737,60.2757499,4,0.03331,8.13,99.05
141.4387817,62.16948329,4,0.037782,3.65,83.13
86.97277273,74.34088407,4.5,0.029336,-2.48,98.14
167.1439949,39.67646364,3.5,0.030811,-5.24,90.8
21.90540886,74.71143559,4,0.038544,2.17,95.42
-31.46681847,44.34889645,3.5,0.034519,4.35,98.6
-125.4727327,59.07828385,4.5,0.029392,3.65,65.67
-150.2366675,62.51413461,3.5,0.038256,-9.06,93.55
1.260826571,62.17668421,4.5,0.030137,-4.59,96.35
-22.26542128,57.6345089,4,0.03667,2.65,92.48
-15.38776314,62.13594094,3.5,0.051604,-1.62,84.56
27.83478608,49.56361286,3,0.049265,-8.14,82.47
57.02064977,57.11622016,4.5,0.03299,-0.81,64.25
8.052658992,47.63954816,3.5,0.036929,5.68,79.38
132.8221562,55.19403294,4,0.03511,1.56,85.03
-145.2952742,45.69912385,4.5,0.024024,2.85,78.43
-138.4589493,62.81574758,4,0.037734,-0.62,60.58
-138.1660747,41.61844803,3.5,0.04703,1.07,86.56
146.2010075,80.58444024,4,0.033355,-3.32,62.14
-110.5729317,68.28433794,5.5,0.030214,4.18,67.87
141.0677854,72.59073089,3.5,0.046181,-6.85,70.79
-119.1664298,60.23271531,3.5,0.049713,-9.21,82.99
8.448561649,63.01944832,3.5,0.032839,-5.58,97.64
-37.67337,36.58292581,2.5,0.049925,5.72,87.7
-102.0352751,72.1813334,4.5,0.02885,9.83,95.02
5.120801498,63.42364765,4,0.036218,8.92,98.16
52.63754567,74.79600493,4.5,0.037283,-0.16,67.04
19.08168154,63.01715748,4,0.029655,3.85,92.46
150.5071383,82.67557372,3,0.045256,1.79,91.55
-89.02603947,63.28500067,5.5,0.023471,4.05,70.96
79.01604024,75.41532612,4.5,0.03245,-0.87,72.46
-6.507884632,62.98094677,4.5,0.033254,2.97,92.66
-38.4747434,60.60360052,5,0.024851,5.72,61.19
-16.09880559,53.06446233,4.5,0.027989,-9.75,96.98
-55.26723118,59.44829171,3.5,0.046795,9.26,63.19
42.83953463,49.49555346,4,0.035046,-3.32,60.33
-14.92079757,70.39654805,4.5,0.032622,0.77,91.7
122.0919085,61.30355026,4,0.043846,0.09,87.96
-30.09204533,45.32672545,4,0.028309,3.6,67.31
-155.9269022,57.7028056,3.5,0.045877,-6.6,72.98
173.4746127,73.98965054,3.5,0.045288,0.95,96.48
-38.32505621,80.59450795,4,0.03546,-6.74,69.88
-64.89287099,60.60317241,4.5,0.028455,-9.44,89.98
-106.4212774,67.76908897,4.5,0.030315,4.35,78.93
-162.2038402,39.68927198,3.5,0.028832,-8.57,64.4
-176.3612626,58.12596462,3.5,0.046363,-1.58,81.44
129.6598579,44.13967442,3.5,0.037799,-0.04,95.85
145.7322379,48.20840266,3.5,0.049608,3.38,76.88
-47.54127321,56.72700954,4,0.035913,5.1,78.22
-153.73712,37.59357236,3.5,0.027568,4.53,95.34
-147.7881449,45.71806136,3.5,0.032774,9.92,85.47
-152.7583464,39.68500466,3,0.037957,1.62,92.92
-164.999754,52.22289439,3.5,0.035605,8.91,91.7
-47.23819709,41.61796602,3.5,0.049796,-5.15,61.25
-22.95958273,55.19770443,4.5,0.03155,-9.5,82.27
10.71165686,63.38537495,3.5,0.041707,-8.41,95.77
149.2196354,83.32693202,4,0.035542,-8.22,83.34
-140.3601045,55.20039382,4,0.03353,4.3,62.26
-177.5809045,53.09963816,4,0.031178,4.01,65.14
143.0833198,46.14067861,3.5,0.037483,-2.09,75.59
126.6231517,83.72904386,3,0.046967,6.18,62.68
-164.5749898,51.83424201,3.5,0.045435,-3.8,95.73
166.3462238,83.70752844,3,0.048305,2.28,62.36
-16.71015011,41.61775368,3.5,0.047971,-5.35,99.25
-32.38602577,56.70601751,3.5,0.05252,-2.1,98.31
-1.449086411,52.97597685,3.5,0.038229,3.28,96.9
161.9040493,45.47906391,3.5,0.032587,-9.84,81.23
-163.0895719,47.64227942,3.5,0.039359,7.41,72.06
172.1905173,52.81227678,3.5,0.04508,-6.06,87.64
86.14708433,51.83326552,4,0.030571,4.44,97.87
-80.63492764,59.74602781,4.5,0.038596,5.73,73.56
39.01238638,55.20103075,4,0.035112,3.56,91.24
44.27631948,56.25687826,3,0.063974,0.38,92.33
-55.3949805,78.30009283,4.5,0.026734,9.97,69.32
-72.13991087,62.40665356,4.5,0.029561,6.16,80.62
-137.2116131,74.0855344,4,0.039275,-2.87,76.02
-137.0275335,41.61890127,2.5,0.062174,0.28,72.79
-160.0420619,51.32105927,3.5,0.042821,6.35,74.93
-1.692484413,74.71103564,4.5,0.030418,0.92,91.19
-59.94155499,56.24690043,4.5,0.035854,8.61,76.72
-29.1160128,88.32135516,3,0.06803,-8.66,98.5
-104.4488747,51.82164955,3.5,0.048392,1.47,97.03
-38.33298653,41.46632743,3,0.041262,7.01,93.79
-88.62212196,65.53408677,5,0.026656,8.67,63.24
-18.45168644,56.51761045,4,0.038314,1.29,95.93
4.150220027,59.03699136,3.5,0.049681,-2.62,87.6
-168.8296906,37.61539723,2.5,0.049421,5.78,95.67
-116.7223144,61.31054535,4,0.036912,3.33,67.66
-110.8325013,62.98456214,4.5,0.032751,-7.53,64.48
23.95187312,62.81541505,5,0.026382,1.26,83.09
140.7889983,62.16934676,4,0.042699,-9,91.41
-162.7649574,51.83489623,4,0.035796,-5.68,96.75
-140.4658728,51.82174688,3.5,0.047056,9.21,61.38
-58.62178039,45.53297756,4,0.030082,9.58,69.93
-114.254183,41.62638634,3.5,0.032192,-9.23,75.94
9.164800745,46.34872772,3,0.038784,-6.59,62.83
-177.3634961,54.68628465,2.5,0.066172,-6.3,85.3
22.27735443,61.58849986,3.5,0.036811,3.75,85.58
-148.8773071,43.74617183,3.5,0.033049,-5.52,63.21
69.92414229,47.64312514,3.5,0.036798,8.6,97.5
-92.74813953,52.96967193,4,0.045771,6.81,81.41
-2.755398532,59.4197457,4,0.037261,-4.11,71.67
-146.7876882,55.19950307,4.5,0.030854,3,60.54
162.2347868,42.24810572,2.5,0.066534,-5.23,91.74
85.64208814,59.25316674,4.5,0.028733,0.27,81.67
-121.8349349,46.30879855,3.5,0.035139,-6.38,81.84
37.8551103,47.62283753,3.5,0.037055,9.28,95.33
22.43175909,45.28618762,4,0.027805,-7.08,85.44
176.347022,62.98070595,4.5,0.037587,1.54,63.98
-125.5486776,43.6525325,3.5,0.035217,7.63,97.78
-75.72708992,60.27961587,4.5,0.031695,-6.81,97.88
-166.1515888,58.72354702,3.5,0.045247,-6.8,87.49
171.920215,74.65211052,4,0.030228,9.9,75.04
179.8950127,65.29109339,4.5,0.031023,-2.09,92.88
-154.4272778,25.36572489,1.5,0.048683,-8.35,87.76
34.96758847,87.45831408,4,0.029592,1.77,65.91
105.6927532,71.77531026,4.5,0.026982,0.01,98.57
81.65216961,71.78602451,2.5,0.033299,9.67,84.09
6.571093341,45.30709621,2.5,0.064107,-9.71,98.36
-73.07007389,76.89387983,4.5,0.025795,-5.68,89.39
15.9649982,64.89134483,4.5,0.030397,-9.72,84.25
13.30642315,71.77701364,4.5,0.026982,-4.14,60.85
73.84820879,76.58745842,3.5,0.035008,9.3,64.26
-118.581988,55.78291324,4,0.03769,6.76,75.42
-166.4793476,51.32540443,4,0.030547,6.84,76.82
-27.03389417,62.59713666,4,0.036154,-6.31,77.34
-84.66906015,53.2449768,3.5,0.050623,-8.08,90.2
72.76589492,87.82849439,3,0.046413,2.04,84.24
16.47449342,44.38206353,3.5,0.032273,-4.61,89.72
-85.5785706,70.38669056,7,0.031218,-2.26,63.19
-89.83454835,54.72888048,4,0.032156,8.36,76.02
-56.68811847,64.15596949,4.5,0.036084,-1.53,77.28
-81.91373806,62.98855677,6,0.021985,3.72,83.61
163.5623412,44.38744225,3.5,0.031179,0.36,75.21
-138.4985421,58.15140029,4.5,0.030402,-1.83,61.73
-26.86512804,53.24718648,3.5,0.042347,5.36,74.6
-84.50868535,50.80160129,3.5,0.032099,9.36,80.23
178.2044478,76.35903146,4.5,0.025343,5.94,62.01
-2.130062662,51.32555809,3,0.051426,4.13,87.54
167.7814207,42.6050598,2.5,0.067691,7.29,88.59
-36.61910136,67.07562839,4.5,0.033394,9.01,63.85
-98.05539169,62.59667758,4.5,0.022587,4.46,82.35
-7.748817508,74.06333783,4.5,0.025869,-6.52,60.02
-128.5189563,66.79099928,5.5,0.025047,9.61,89.1
-16.28418127,53.07491652,3,0.057664,3.88,95.85
-100.3504554,74.04329961,4.5,0.026452,-9.79,60.84
-24.47361028,72.5290861,4.5,0.03335,4.45,63.84
-166.1516724,60.32161519,3.5,0.04057,-8.11,93.06
-138.2921309,70.83767559,5.5,0.024823,6.45,94.06
174.3786031,53.07559242,4,0.027104,-8.01,94
-155.7172641,38.85873665,2.5,0.046609,-7.34,76.53
31.73484364,48.55730258,3,0.038299,3.67,69.25
-166.3440374,58.03347217,3.5,0.045764,5.24,63.59
28.37068273,54.98465543,4.5,0.028383,-3.07,97.86
-69.18548783,50.48972301,4,0.03085,-7.49,76.18
-74.44204869,69.47969938,6,0.021837,-7.07,62.87
92.49265345,89.42852053,4,0.027753,-7.28,79.29
97.58101752,65.05898894,6,0.02076,-9.78,86.46
93.06149466,89.42970361,4,0.030971,-6.33,68.45
-108.3239607,58.92062821,5.5,0.027128,4,62.39
-7.491287767,46.63787737,3.5,0.033623,-3.96,94.26
-92.61552905,55.39199764,4,0.038874,8.47,80.71
-153.6990317,65.3058337,5.5,0.023934,9.44,98.31
-63.30361867,64.66359019,3.5,0.05056,6.37,99.6
-83.53186855,76.89428806,4.5,0.033561,-8.37,98.27
-178.9921129,68.77547941,3.5,0.066911,6.23,89.39
75.23609506,87.82133842,4,0.031393,-0.66,86.02
154.6834623,62.61404197,4,0.041044,4.72,60.68
-15.57153442,42.12433892,3.5,0.033428,-4.64,78.1
-165.3090857,67.18300824,4.5,0.033232,-0.81,62.07
-108.4225369,53.55453716,4,0.033816,-4.58,65.11
163.5094114,77.3575574,4,0.02902,7.41,67.98
47.85471426,63.56572506,4.5,0.028293,6.21,63.72
58.30338707,53.99480903,3.5,0.041506,8.55,95.83
40.68265965,74.03383114,3,0.034879,9.26,80.46
169.1644698,62.76433643,3.5,0.048362,5.22,62.59
-154.5435912,65.2870344,5.5,0.038843,-8.29,97.07
-74.39605702,74.07116829,4.5,0.028492,-0.72,95.32
-96.32440901,76.36612284,4.5,0.027548,-8.06,62.86
66.34496585,69.42077879,6,0.034916,-1.44,75.77
-24.43345759,58.3199716,4,0.040111,-9.83,60.52
165.7384222,60.86485892,5.5,0.022995,-4.34,91.25
-89.06628559,78.28679739,4,0.033105,-4.43,85.71
-51.09114801,58.71040789,4.5,0.033945,3.96,77.73
-109.2856447,53.55391289,3.5,0.039939,9.41,97.71
94.45536545,89.42970663,4,0.034456,-9.29,76.05
-130.7376948,67.0774183,3.5,0.049885,7.17,65.19
-88.31355868,87.41029279,4,0.03323,1.58,87.75
55.7996399,75.31222802,5.5,0.021653,0.25,86.39
-21.29978066,89.4395111,3,0.037948,-3.56,61.71
126.8252598,51.18185708,4,0.023171,8.67,99.02
-17.40571705,52.3775465,3.5,0.043785,-0.17,84.88
82.93792278,74.08221949,3,0.037705,-4.37,66.96
-177.8176664,60.98419563,3.5,0.056434,1.49,60.3
-38.10998874,37.84727253,2.5,0.045003,3.75,67.74
-15.82887221,46.64982039,3.5,0.031021,-3.23,73.7
173.7196814,47.66148543,3.5,0.031914,1.28,77.28
-81.87464826,59.95894124,3.5,0.043868,-7.48,87.01
-45.96819927,75.97119424,4.5,0.032247,-7.19,94.54
13.57510065,56.52997706,3.5,0.045796,-6.88,99.06
30.3197396,48.55297404,3,0.041283,8.31,72.86
7.267507813,50.82178169,3.5,0.039265,2.36,66.34
-58.66136707,67.01597866,4,0.037444,-8.73,63.72
-102.9009559,85.5533585,3.5,0.032705,-5.84,69.37
-138.2067958,65.05964873,5.5,0.026318,-9.13,75.34
172.9456023,55.73909829,4,0.028497,6.11,66.09
-2.342858658,78.65968712,4,0.029596,7.67,78.66
-33.67435468,66.71823733,4,0.043066,-8.62,63.89
-172.1514525,47.57609932,3.5,0.045353,0.13,72.41
-24.70164365,64.92960383,4.5,0.034251,1.51,84.57
-45.44799998,54.81434839,4.5,0.030861,1.12,73.51
150.7485264,61.61793851,4.5,0.030654,-2.31,83.71
-102.9109308,50.04943838,4,0.040305,-1.21,64.66
-86.56934788,53.24499319,3.5,0.049872,-8.71,94.67
165.9092797,42.12891444,3.5,0.030963,-8.28,87.37
-141.8960048,62.99082871,5.5,0.025834,-5.54,98.53
-87.54307285,70.64895239,4,0.028613,9.96,75.22
-61.10769222,48.47578497,3.5,0.043317,3.92,87.01
-15.43648146,49.31371564,2.5,0.064262,-4.25,71.77
35.40761315,70.83271969,5.5,0.021953,-0.27,67.9
-74.81185338,56.29609063,4,0.036749,-2.63,86.76
-7.143103039,53.45699244,3.5,0.042468,-3.55,90.32
28.7076811,55.7976554,3.5,0.066108,8.01,60.98
-11.78901829,43.01502841,3.5,0.033707,6.54,87.84
33.42097599,54.30858114,3.5,0.047209,-0.98,60.27
143.6383504,46.02201464,3.5,0.034081,2.63,80.78
-72.96877123,51.30545837,4,0.038798,2.43,86.39
-21.00184403,62.18213221,4.5,0.031184,6.86,95.69
143.7824685,71.77836773,5.5,0.021233,8.78,95.55
-138.2509975,58.14951114,4,0.033754,7.11,96.07
128.812362,87.4584762,4,0.026838,-3.89,75.69
-76.43366037,76.29183889,4.5,0.028492,-4.97,62.85
-97.5934473,78.67722233,3.5,0.035372,-3.16,66.67
14.05564011,76.36979958,4.5,0.027895,3.11,97.01
-74.3710841,74.07078999,5.5,0.020898,-6.64,66.51
166.5821224,46.64664514,3.5,0.028524,-1.23,72.83
-6.721139357,71.78110373,4.5,0.025619,8.21,82.32
-85.8323266,76.8949436,4.5,0.030248,-5.21,89.43
100.4136793,87.45038343,4,0.028507,-0.96,63.23
-158.1943217,65.2923068,4.5,0.029763,-9.48,70.52
-66.57904154,48.06905783,3.5,0.045983,6.69,90.55
70.46574399,60.60894953,4,0.033173,-7.55,61.49
23.13542549,43.17014488,3.5,0.05611,8.37,60.22
-23.96149851,51.3685958,3.5,0.045801,8.71,66.31
177.4578391,65.0633823,4.5,0.031385,-5.4,73.71
70.33870294,60.87019497,3.5,0.042573,7.12,73.46
26.30594493,65.19769244,5.5,0.024731,-8.27,99.24
-172.3300897,49.83907666,3,0.053218,1.21,69.13
-87.93705356,89.43009694,4,0.03321,-9.22,65.11
-178.9939676,55.60633502,3.5,0.040438,0.68,61.44
-138.3374605,58.15223139,4,0.034288,0.61,93.15
-132.8350561,58.92263564,3.5,0.043135,0.86,99.98
-25.63102178,51.33573613,4,0.025685,9.76,67.22
-144.7339118,75.19044024,4,0.039478,4.47,73.61
-146.692093,41.75285599,3.5,0.034227,2.19,97
-85.68144954,82.89142002,3.5,0.035567,6.53,81.12
-75.42281071,56.52385751,4,0.033658,0.53,92.6
-82.77110831,53.0754854,4,0.036276,7.18,88.64
21.6585151,65.05695148,3.5,0.049006,8.2,73.03
82.93630875,83.25264115,3,0.035485,-3.81,97.31
169.2902329,47.391959,3.5,0.029528,-7.5,64.71
-88.3532333,51.19371637,4,0.032517,-9.23,72.89
-11.36846242,58.04437117,3.5,0.047498,9.36,64.13
-156.5116684,43.76754488,3,0.04111,5.53,83.05
79.38462627,60.32092448,4,0.031543,4.69,60.14
49.23645479,54.31788522,3.5,0.043622,5.38,94.47
-116.7102931,34.79124239,2.5,0.0479,7.16,61.91
-167.8155366,54.3201928,3.5,0.044844,1.26,85.84
-72.88725842,60.8733459,5,0.027476,-0.62,79.09
166.5863728,47.31206223,3.5,0.037783,3.65,72.89
-97.25845602,43.76598853,3.5,0.037206,-2.16,66.68
-138.0686282,58.1513287,4.5,0.029918,-3.38,96.38
157.925253,41.61273967,2.5,0.062098,1.69,64.54
12.26609902,72.93815743,4,0.029303,9.8,62.08
128.5274708,84.01248723,3.5,0.040045,3.88,66.24
-60.18613613,69.00468757,4.5,0.031857,6.06,88.91
12.57345862,56.53146196,3.5,0.047303,-7.4,81.25
-85.67613179,80.59505278,4,0.029433,-9.96,87.86
151.5510883,45.34921355,3.5,0.059011,-2.11,64.62
-28.54181416,58.6750353,3.5,0.047492,-2.99,81.93
51.3122009,57.74534109,4,0.035922,7.05,95.69
179.6346784,49.24453172,3.5,0.041564,-5.74,66.25
166.1912733,44.3967507,3,0.045727,7.04,83.51
175.1975885,62.76828506,3.5,0.047912,6.74,99.13
14.12856163,63.90707901,4.5,0.032001,-9.52,63.7
14.82426801,64.89054071,4.5,0.035294,-3.75,92.82
-150.8123432,69.01519146,4,0.036038,0.73,61.83
-11.49802021,44.38530973,3.5,0.030872,-3.82,85.42
125.3539511,87.45203634,4,0.027102,2.5,72.62
35.79419217,69.11553035,3,0.037306,3.92,65.03
-1.849845371,80.95437122,4.5,0.022371,-4.95,77.28
-4.701115924,71.78010469,4.5,0.025909,7.39,69.88
-136.2008784,53.85611382,3.5,0.042781,1.5,69.25
-10.02577002,74.74543536,4,0.032779,9.85,68.44
163.3927595,44.38548178,3.5,0.029905,4.32,69.57
8.951961865,49.45261617,3,0.047108,9.93,82.31
86.99456791,76.35843234,2.5,0.044127,2.16,63.75
33.38580965,54.31736562,4.5,0.032339,-5.78,72.59
-45.64012199,73.67433046,4.5,0.033004,9.91,73.18
-168.5719363,56.5241218,4,0.036327,-7.99,69.86
124.6586088,87.45190263,4,0.028225,-7.61,68.76
18.87897064,36.57474125,2.5,0.04512,-7.67,71.89
-2.30285022,78.65977369,4,0.029935,0.62,92.73
-158.0419662,37.63057794,2.5,0.043962,-7.35,89.54
-145.3841115,73.90737822,4,0.027472,9.32,69.06
-169.9602455,52.08697431,3,0.054549,-5.95,66.9
-10.38674369,49.55523811,3,0.048495,3.5,68.57
43.21273735,63.63024425,4,0.038091,-5.76,82.07
41.83953561,72.52618166,5.5,0.022645,-0.71,66.04
-86.34426909,80.59638206,3.5,0.039592,-0.47,92.72
176.2946533,74.06287185,4.5,0.02654,7.82,61.73
11.30981186,80.97097344,4,0.02774,4.41,69.14
117.1512791,69.48135927,4.5,0.02727,8.43,77.6
-121.2335365,56.99387524,4.5,0.030413,0.97,84.5
166.2494624,42.12992651,3.5,0.029527,6.24,62.38
-109.0116237,71.41330964,4,0.029971,1.13,96
31.14271351,50.8291,3.5,0.033588,-8.12,99.5
-84.54230932,43.16561561,4.5,0.039833,3.92,97.63
-176.5958222,81.990285,4,0.034755,4.29,88.89
178.3127968,60.35009134,3.5,0.048001,-3.72,75.6
-20.95299746,59.45586466,3.5,0.046517,0.17,64.15
132.3437371,60.8791247,4,0.04075,-1.96,66.46
90.07767086,78.53104606,4,0.031007,6.02,86.58
-28.03861947,34.81039318,2.5,0.044698,5.39,96.68
16.43542506,43.17000542,3.5,0.058793,3.65,73.21
-142.6404659,77.14633706,4,0.03134,7.7,63.96
151.6240869,62.20936926,4,0.035243,8.27,60.2
40.84805713,63.42881271,4.5,0.028304,8.9,69.06
13.72853092,74.07306694,4.5,0.026526,7.52,69.28
-83.28898636,80.59142288,4,0.033289,-5.61,68.98
-128.6675489,64.99205067,5.5,0.025346,7.78,92.83
-170.8468999,76.8971162,3,0.056871,-4,90.38
146.5290046,86.39284238,4,0.035632,-9.93,69.26
86.62637062,71.76522653,4.5,0.027095,-9.24,74.3
151.2919094,46.64468201,3.5,0.027333,-2.43,97.91
156.5939932,52.90010474,4,0.037831,6.54,75.39
-25.8080352,44.38521956,3.5,0.029355,-5.86,87.85
-74.92398243,62.6095207,4,0.039221,-9.45,78.48
23.5135542,37.61011539,3,0.035155,1.12,63.58
-123.6742819,80.16123043,4,0.032347,8.47,63.68
82.51458604,60.28057459,5,0.032909,6.76,73.66
-8.463007005,44.38568456,2.5,0.045641,-2.98,76.49
29.44961737,48.55231677,3.5,0.038055,-5.99,62.89
145.3669364,69.01448882,3.5,0.046601,-9.68,94.19
-172.6172496,87.82081437,4,0.032189,-4.13,95.89
81.51449265,78.6789922,3.5,0.033572,1.67,67.57
106.1042273,76.36841504,4.5,0.025904,-6.56,68.32
-82.66995063,85.18464082,4,0.033562,-3.99,65.52
171.8579844,66.76517365,3,0.050713,-2.79,82.4
-146.119529,87.45110642,4,0.027663,-5.14,86.75
-173.6540815,80.60711647,3.5,0.035877,4.61,70.68
175.1203757,35.36465007,3,0.032099,5.39,93.95
-84.86012309,80.59144075,4.5,0.028234,-7.02,67.11
128.6760428,62.60653154,4.5,0.030563,-9.25,72.04
-171.6514983,77.08639421,4.5,0.033803,7.23,62.48
4.450447332,44.39152811,3.5,0.049685,-8.67,98.91
132.7445223,69.47817079,5.5,0.023533,0.72,76.61
177.354077,49.52281154,3,0.056529,-9.82,71.59
162.5562093,51.67122485,3,0.059716,7.7,65.93
-166.5776482,64.89777218,4.5,0.033374,-1.59,67.72
-93.20458325,63.71538266,4,0.044756,-3.48,98
-85.62108871,70.38636724,6,0.038799,-9.66,60.09
-176.8168801,82.88340335,4,0.032481,4.35,72.54
-7.974109964,62.5979473,4.5,0.025999,9.78,97.88
-70.80008735,70.82921857,5.5,0.022754,-4.42,96.12
-140.1149068,74.04275886,4.5,0.028688,-6.78,64.43
-102.8312213,50.0493952,3.5,0.038985,-4.78,71.01
-98.45878976,45.80056213,5,0.034263,2.27,69.63
-123.5796731,60.35118164,4.5,0.036911,9.98,72.62
150.6347799,61.31604085,4,0.03289,-0.22,94.79
82.93933129,53.45815809,4,0.025659,-2.84,86.93
156.6695078,56.1239201,3.5,0.044828,-9.37,71.4
-179.1463402,50.06499845,3,0.04251,-8.22,61.9
-81.62263772,70.38640192,6.5,0.035246,5.37,93.3
-168.5417822,87.46245797,4,0.029718,-0.15,65.5
144.3930634,34.14817804,2,0.045519,-0.33,91.58
90.93192847,72.57235727,4,0.029932,9.8,84.55
15.91345102,71.77438636,5.5,0.021175,-4.02,71.85
-159.3490121,50.50934623,4,0.031023,-6.86,73.05
-87.28967359,71.39787745,4.5,0.029959,-8.81,98.43
-138.4019621,75.97048706,4.5,0.027506,-7.72,67.45
-51.69361084,59.73293983,4.5,0.033546,2.69,76.06
121.6798169,65.05907021,5.5,0.021945,2.2,75.2
-11.47176239,47.65609935,3.5,0.039323,0.16,70.44
-115.8202603,56.72102827,3.5,0.046056,0.65,89.79
-82.31420746,87.8191118,4,0.029306,-0.94,92.52
-70.95298625,52.79925202,3.5,0.044027,9.41,78.95
70.31336778,70.83287445,4.5,0.033499,1.62,62.66
110.7481268,80.96737938,4.5,0.02678,2.82,88.03
168.4800711,42.82737966,3.5,0.030637,-2.68,86.58
-11.19610529,49.52752446,3.5,0.029604,-9.8,75.68
179.3072303,63.71661405,4,0.040017,3.74,79.77
-76.22642453,58.03177536,5.5,0.023066,6.46,88.16
-105.7307004,80.96782483,3.5,0.036778,-7.29,65.52
-12.1406755,55.75723954,3.5,0.043628,-5.27,84.76
49.71571286,75.97002671,4.5,0.045952,-8.63,73.76
29.19662616,82.8833622,4,0.032792,-4.96,84.37
-91.34750983,45.80054671,4,0.050057,2.32,72.13
114.9869127,62.06418097,4,0.033661,3.57,85.53
-152.9709812,49.56155002,4,0.029694,8.65,82.04
18.1620417,60.87058321,5,0.026864,-9.24,86.81
-32.05017876,58.26121532,4.5,0.032478,9.41,97.2
-92.36165132,43.49714755,3.5,0.052879,-9.09,95.81
148.0070054,43.16750946,3.5,0.052876,-5.32,99.03
-95.29881064,54.73267537,4.5,0.037146,-5.53,78.47
58.25605234,70.38509294,4.5,0.032453,-4.93,72.9
70.75247494,87.82166888,3,0.037129,-3.34,74.69
139.6884057,54.70505066,4,0.039032,4.15,73.45
177.8868952,62.60764484,6,0.020432,-4.79,89.72
-26.75251651,68.07059932,4.5,0.037559,-3.06,66.81
-109.5714093,71.77343726,4.5,0.02713,3.74,83.79
43.03167723,64.99218206,5.5,0.02336,-5.61,97.16
-128.0334056,54.61828908,4.5,0.029273,-5.74,87.73
-113.9595709,33.12736869,3,0.030389,-8.48,95.73
-36.13169147,69.01555221,3.5,0.050104,-8.09,66.09
179.3736249,54.31353105,3.5,0.037997,-5.54,84.77
173.3004718,62.76868366,4,0.041381,-5.98,69.29
60.42967891,86.39264036,4,0.038196,-2.32,60.57
82.24639812,85.55017737,4,0.033722,-4.25,83
-24.50102492,32.9711697,2.5,0.04355,6.98,99.7
119.6006831,44.01979999,3.5,0.028925,7.93,74.21
145.8263433,55.37315071,3.5,0.039428,9.39,94.54
1.71079438,44.20629795,2.5,0.054769,3.34,86.51
9.962730419,61.36999272,4,0.037061,8.48,88.74
-177.8346825,74.04282794,4.5,0.02731,4.49,74.16
172.1075013,67.17878075,4.5,0.023361,-1.68,73.13
-138.8948238,87.82131374,4,0.0293,1.03,79.74
-56.36725842,41.75232202,3.5,0.03344,-2.98,74.13
-29.75292013,70.84384744,3.5,0.04965,1.76,79.42
-168.0894747,87.4563611,4,0.031724,-1.7,61.5
34.5655762,87.45816943,4,0.029998,-0.34,89.79
5.919858285,45.30467196,3,0.048831,-2.03,82.48
-166.0158831,67.18955445,4.5,0.02798,-7.26,88.72
29.17488148,40.02033954,2.5,0.061298,9.6,91.03
-50.51431942,60.30878509,4.5,0.028553,-0.77,63.71
17.07368833,70.22454458,4.5,0.026792,6.88,98.69
-178.9356814,49.54524806,3.5,0.039064,8.86,74.83
171.1139627,76.97871743,4,0.029785,7.6,79.23
-143.0092728,84.30625862,4,0.034085,4.12,68.88
-65.80409981,72.52119569,5.5,0.02305,3.2,90.35
